Drift ID,Trip ID,ID Cell per Trip,Grid Cell ID,Site (MPA/ REF),Drifting or Holding Station,Start Time,End Time,Drift Time (hrs),BAR (+/- mins) Fishing Time,FLY (+/- mins) Fishing Time,BAT (+/- mins) Fishing Time,DPR (+/- mins) Fishing Time,SBT (+/- mins) Fishing Time,Total (+/-) Time (hrs),Number of BAT fishers,Number of FLY fishers,Number of DPR fishers,Number of SBT fishers,Number of BAR fishers,Total # Anglers Fishing,Total Angler Hrs,ST_LatDD,ST_LonDD,Start Lat/Lon GPS Waypoint,Start Lat/Lon waypoint_link,End_LatDD,End_LonDD,End Lat/Lon GPS Waypoint,End Lat/Lon waypoint_link,Drift Length (m),Recorder,Tag Crew,"Surface T (instrument, C)","Depth T ( instrument, C)","SWT (vessel, F)",Relief (1-3),Start Depth (ft),End Depth (ft),Lingcod Bar Weight (oz),Lead Weight (oz),SBT Tail Length (in),SBT Head Weight (oz),# Seals,# Sea Lions,Total Fishes Caught,Cloud Cover (0-3),Obs Wind Speed (kt),Obs Wind Direction,Obs Swell Height (ft),Secchi Depth (m),Comments,Excluded Drift Comment,Exclude:Gear-Specific CPUE
BHR0815200101,BHT03_20,,BH01,REF,,7:12:00 AM,7:15:00 AM,,0.00,0.00,0.00,0.00,0.00,,2,2,0,0,2,6,,38.356356,-123.096110,1617,,38.356363,-123.096121,1618,,,SS,IMB,,,59.00,2,97,,4,10,0,0,0,0,2,0,5,SE,2.00,,,,
BHR0815200102,BHT03_20,,BH01,REF,,7:21:00 AM,7:27:00 AM,,0.00,0.00,-1.00,0.00,0.00,,2,2,0,0,2,6,,38.354000,-123.093820,1619,,38.354961,-123.093806,1620,,,SS,IMB,,,59.00,3,57,78,4,10,0,0,0,0,3,0,5,SE,2.00,,,,
BHR0815200103,BHT03_20,,BH01,REF,,7:31:00 AM,7:42:00 AM,,0.00,-3.00,0.00,0.00,0.00,,2,2,0,0,2,6,,38.354060,-123.093667,1621,,38.355278,-123.094067,1622,,,SS,IMB,,,59.00,3,58,94,4,10,0,0,0,0,5,0,5,SE,2.00,,,,
BHR0815200104,BHT03_20,,BH01,REF,,7:47:00 AM,8:02:00 AM,,0.00,-2.00,-1.00,0.00,0.00,,2,2,0,0,2,6,,38.353722,-123.093815,1623,,38.355464,-123.093683,1624,,,SS,JL,,,59.00,3,65,69,4,10,0,0,0,0,8,0,5,SE,2.00,,,,
BHR0815200105,BHT03_20,,BH01,REF,,8:05:00 AM,8:10:00 AM,,0.00,0.00,0.00,0.00,0.00,,2,2,0,0,2,6,,38.353181,-123.094478,1625,,38.353667,-123.094044,1626,,,SS,ML,,,59.00,1,96,94,4,10,0,0,0,0,1,0,5,SE,2.00,,,,
BHR0815200106,BHT03_20,,BH01,REF,,8:16:00 AM,8:21:00 AM,,0.00,0.00,0.00,0.00,0.00,,2,2,0,0,2,6,,38.353889,-123.092823,1627,,38.354346,-123.093177,1628,,,SS,ML,,,59.00,2,85,88,4,10,0,0,1,0,5,0,5,SE,2.00,,SEAL HARASSMENT,,
BHR0908200101,BHT05_20,,BH01,REF,,11:46:00 AM,12:00:00 PM,,0.00,0.00,0.00,0.00,0.00,,2,2,0,0,1,5,,38.354521,-123.09403,1749,,38.354151,-123.093075,1750,,,SS,HK,,,55.0,2,69,90,4,10,0,0,0,0,11,3,LV,,3.00,,,,
BHR0908200102,BHT05_20,,BH01,REF,,12:02:00 PM,12:05:00 PM,,0.00,0.00,-2.00,0.00,0.00,,2,2,0,0,1,5,,38.354158,-123.093503,1751,,38.354053,-123.093393,1752,,,SS,JL,,,55.0,3,74,71,4,10,0,0,0,0,0,3,LV,,3.00,,,,
BHR0908200103,BHT05_20,,BH01,REF,,12:07:00 PM,12:20:00 PM,,0.00,-2.50,0.00,0.00,0.00,,2,2,0,0,1,5,,38.354482,-123.094496,1753,,38.354436,-123.093128,1754,,,SS,IMB,,,55.0,3,89,90,4,10,0,0,0,0,5,3,LV,,3.00,,,,
BHR0908200104,BHT05_20,,BH01,REF,,12:25:00 PM,12:31:00 PM,,0.00,0.00,0.00,0.00,0.00,,2,2,0,0,1,5,,38.353843,-123.093639,1755,,38.353594,-123.093459,1756,,,SS,HK,,,55.0,3,59,69,4,10,0,0,0,0,3,3,LV,,3.00,,,,
BHR0908200105,BHT05_20,,BH01,REF,,12:40:00 PM,12:49:00 PM,,0.00,0.00,0.00,0.00,0.00,,2,2,0,0,1,5,,38.354206,-123.093801,1757,,38.353913,-123.092055,1759,,,SS,JL,,,55.0,2,66,65,4,10,0,0,0,0,7,3,LV,,3.00,,,,
BHR0907200501,BHT04_20,,BH05,REF,,11:39:00 AM,11:46:00 AM,,0.00,-1.00,0.00,0.00,0.00,,2,2,0,0,2,6,,38.305447,-123.055340,1667,,38.344530,-123.097765,1668,,,SS,JL,,,59.0,,116,118,4,12,0,0,0,0,28,0,8,NW,6.00,,,,
BHR0907200502,BHT04_20,,BH05,REF,,12:10:00 PM,12:15:00 PM,,0.00,0.00,0.00,0.00,0.00,,2,2,0,0,2,6,,38.344622,-123.097857,1669,,38.344253,-123.097211,1670,,,SS,IMB,,,59.0,2,119,120,4,12,0,0,0,0,16,0,8,NW,6.00,,,,
BHR0907200503,BHT04_20,,BH05,REF,,12:23:00 PM,12:27:00 PM,,0.00,0.00,0.00,0.00,0.00,,2,2,0,0,2,6,,38.344798,-123.097739,1671,,38.344347,-123.097572,1673,,,SS,JL,,,59.0,2,78,116,4,12,0,0,0,0,10,0,8,NW,6.00,,,,
BHR0907200504,BHT04_20,,BH05,REF,,12:30:00 PM,12:33:00 PM,,0.00,0.00,0.00,0.00,0.00,,2,2,0,0,2,6,,38.344635,-123.097769,1674,,38.344211,-123.097555,1675,,,SS,JL,,,59.0,2,116,117,4,12,0,0,0,0,8,0,8,NW,6.00,,,,
BHR0907200505,BHT04_20,,BH05,REF,,12:41:00 PM,12:46:00 PM,,0.00,0.00,-0.50,0.00,0.00,,2,2,0,0,2,6,,38.344579,-123.097950,1676,,38.344655,-123.097098,1677,,,SS,JL,,,59.0,2,121,112,4,12,0,0,0,0,13,0,8,NW,6.00,,End waypoint inferred,,
BHR0907200506,BHT04_20,,BH05,REF,,12:52:00 PM,12:56:00 PM,,0.00,0.00,-0.50,0.00,0.00,,2,2,0,0,2,6,,38.344611,-123.097919,1678,,38.344659,-123.097415,1679,,,SS,IMB,,,59.0,2,118,114,4,12,0,0,0,0,9,0,8,NW,6.00,,,,
BHR0907200507,BHT04_20,,BH05,REF,,1:01:00 PM,1:09:00 PM,,0.00,0.00,0.00,0.00,0.00,,2,2,0,0,2,6,,38.344738,-123.097659,1680,,38.344497,-123.097783,1682,,,SS,IMB,,,59.0,2,116,116,4,12,0,0,0,0,18,0,8,NW,6.00,,,,
BHR0907200508,BHT04_20,,BH05,REF,,1:13:00 PM,1:16:00 PM,,0.00,0.00,0.00,0.00,0.00,,2,2,0,0,2,6,,38.344487,-123.097774,1683,,38.344509,-123.097211,1684,,,SS,JL,,,59.0,2,120,114,4,12,0,0,0,0,6,0,8,NW,6.00,,,,
BHR0907200509,BHT04_20,,BH05,REF,,1:24:00 PM,1:26:00 PM,,0.00,0.00,0.00,0.00,0.00,,2,2,0,0,2,6,,38.344621,-123.097779,1685,,38.344484,-123.097151,1686,,,SS,JL,,,59.0,2,118,120,4,12,0,0,0,0,3,0,8,NW,6.00,,,,
BHR0907200510,BHT04_20,,BH05,REF,,1:32:00 PM,1:36:00 PM,,0.00,0.00,0.00,0.00,0.00,,2,2,0,0,2,6,,38.344409,-123.097787,1687,,38.344441,-123.097547,1688,,,SS,JL,,,59.0,2,118,116,4,12,0,0,0,0,7,0,8,NW,6.00,,,,
BHR0813200601,BHT02_20,,BH06,REF,,7:01:00 AM,7:04:00 AM,,-1.00,0.00,0.00,0.00,0.00,,2,2,0,0,2,6,,38.338971,-123.092808,1537,,38.338417,-123.091940,1540,,,SS,HK,,,58.2,2,85,82,4,10,0,0,0,0,0,1,LV,,10.00,,End WP from last fish,,
BHR0813200603,BHT02_20,,BH06,REF,,7:18:00 AM,7:34:00 AM,,0.00,0.00,-2.00,0.00,0.00,,2,2,0,0,2,6,,38.337898,-123.092693,1541,,38.338884,-123.092125,1542,,,SS,CN,,,58.2,3,92,74,4,10,0,0,0,0,18,1,LV,,10.00,,,,
BHR0813200604,BHT02_20,,BH06,REF,,7:38:00 AM,7:46:00 AM,,0.00,0.00,0.00,0.00,0.00,,2,2,0,0,2,6,,38.339037,-123.092052,1543,,38.338452,-123.091525,1544,,,SS,IMB,,,58.0,2,75,68,4,10,0,0,0,0,9,1,LV,,10.00,,,,
BHR0813200605,BHT02_20,,BH06,REF,,7:51:00 AM,8:00:00 AM,,0.00,0.00,0.00,0.00,0.00,,2,2,0,0,2,6,,38.337776,-123.092004,1545,,38.337792,-123.092157,1546,,,SS,IMB,,,58.2,3,75,,4,10,0,0,0,0,9,1,LV,,10.00,,,,
BHR0813200606,BHT02_20,,BH06,REF,,8:02:00 AM,8:04:00 AM,,0.00,0.00,0.00,0.00,0.00,,2,2,0,0,2,6,,38.337795,-123.092177,1547,,38.338016,-123.091927,1548,,,SS,CN,,,58.2,3,89,,4,10,0,0,0,0,1,1,LV,,10.00,,,,
BHR0907200601,BHT04_20,,BH06,REF,,1:58:00 PM,2:13:00 PM,,0.00,0.00,0.00,0.00,0.00,,2,2,0,0,2,6,,38.339124,-123.093173,1689,,38.338641,-123.091459,1693,,,SS,IMB,,,58.0,3,94,74,4,12,0,0,0,0,47,0,10,NW,6.00,,,,
BHR0907200602,BHT04_20,,BH06,REF,,2:21:00 PM,2:36:00 PM,,0.00,0.00,0.00,0.00,0.00,,2,2,0,0,2,6,,38.338843,-123.092051,1694,,38.337569,-123.091017,1696,,,SS,HK,,,58.0,2,89,,4,12,0,0,0,0,23,0,10,NW,6.00,,,,
BHR0907200603,BHT04_20,,BH06,REF,,2:42:00 PM,2:57:00 PM,,0.00,0.00,-0.50,0.00,0.00,,2,2,0,0,2,6,,38.339154,-123.091770,1697,,38.337822,-123.090490,1699,,,SS,IMB,,,58.0,2,74,72,4,12,0,0,0,0,12,0,10,NW,6.00,,#1 CAUGHT P. giganteum,,
BHR0813200602,BHT02_20,,BH06,REF,,7:07:00 AM,7:14:00 AM,,0.00,-2.00,0.00,0.00,0.00,,2,2,0,0,2,6,,,,,,,,150,,,SS,IMB,,,58.2,2,90,83,4,10,0,0,0,0,2,1,LV,,10.00,,End WP read 150,,
BHM0813200701,BHT02_20,,BH07,MPA,,8:12:00 AM,8:21:00 AM,,0.00,-0.50,-2.00,0.00,0.00,,2,2,0,0,2,6,,38.339003,-123.083538,1549,,38.339918,-123.082133,1551,,,SS,HK,,,58.2,3,50,70,4,10,0,0,0,0,5,1,LV,,10.00,,,,
BHM0813200702,BHT02_20,,BH07,MPA,,8:28:00 AM,8:42:00 AM,,0.00,0.00,0.00,0.00,0.00,,2,2,0,0,2,6,,38.338822,-123.083676,1552,,38.339754,-123.082768,1554,,,SS,CN,,,58.2,3,58,75,4,10,0,0,0,0,8,1,LV,,10.00,,,,
BHM0813200703,BHT02_20,,BH07,MPA,,8:57:00 AM,9:08:00 AM,,0.00,0.00,0.00,0.00,0.00,,2,2,0,0,2,6,,38.338049,-123.083217,1555,,38.339393,-123.081057,1556,,,SS,CN,,,58.2,3,53,70,4,10,0,0,0,0,13,1,LV,,10.00,,,,
BHM0813200704,BHT02_20,,BH07,MPA,,9:15:00 AM,9:26:00 AM,,0.00,0.00,0.00,0.00,0.00,,2,2,0,0,2,6,,38.339836,-123.084458,1557,,38.339982,-123.083711,1559,,,SS,IMB,,,58.0,3,46,58,4,10,0,0,0,0,22,1,LV,,10.00,,End WP from last fish,,
BHM0813200705,BHT02_20,,BH07,MPA,,9:31:00 AM,9:35:00 AM,,0.00,0.00,0.00,0.00,0.00,,2,2,0,0,2,6,,38.339709,-123.083949,1560,,38.339778,-123.083256,1561,,,SS,IMB,,,58.2,3,58,64,4,10,0,0,0,0,4,1,LV,,10.00,,,,
BHM0907200801,BHT04_20,,BH08,MPA,,3:13:00 PM,3:27:00 PM,,0.00,0.00,0.00,0.00,0.00,,2,2,0,0,2,6,,38.326927,-123.090492,1700,,38.325803,-123.089662,1702,,,SS,IMB,,,59.0,2,91,,4,12,0,0,0,0,50,0,10,NW,6.00,,,,
BHM0907200802,BHT04_20,,BH08,MPA,,3:34:00 PM,3:38:00 PM,,0.00,0.00,0.00,0.00,0.00,,2,2,0,0,2,6,,38.326363,-123.090129,1703,,38.325931,-123.089467,1704,,,SS,JL,,,59.0,3,91,94,4,12,0,0,0,0,14,0,10,NW,6.00,,,,
BHM0907200803,BHT04_20,,BH08,MPA,,3:47:00 PM,3:50:00 PM,,0.00,0.00,0.00,0.00,0.00,,2,2,0,0,2,6,,38.326091,-123.089049,1705,,38.326104,-123.088584,1706,,,SS,JL,,,59.0,2,90,93,4,12,0,0,0,0,23,0,10,NW,6.00,,,,
BHM0907200804,BHT04_20,,BH08,MPA,,3:59:00 PM,4:11:00 PM,,0.00,0.00,0.00,0.00,0.00,,2,2,0,0,2,6,,38.326460,-123.090290,1708,,38.325787,-123.088971,1711,,,SS,JL,,,59.0,2,98,94,4,12,0,0,0,0,42,0,10,NW,6.00,,,,
BHM0815201001,BHT03_20,,BH10,MPA,,8:42:00 AM,8:47:00 AM,,0.00,0.00,0.00,0.00,0.00,,2,2,0,0,2,6,,38.322596,-123.089458,1629,,38.323565,-123.089774,1630,,,SS,ML,,,60.00,2,96,97,4,10,0,0,0,0,10,0,5,SE,6.00,,CANARIES AFFECTED BY SEA NETTLE TENTACLES?,,
BHM0815201002,BHT03_20,,BH10,MPA,,8:54:00 AM,9:03:00 AM,,0.00,0.00,0.00,0.00,0.00,,2,2,0,0,2,6,,38.322145,-123.089084,1631,,38.323682,-123.089996,1632,,,SS,JL,,,60.00,2,90,90,4,10,0,0,0,0,22,0,5,SE,6.00,,,,
BHM0815201003,BHT03_20,,BH10,MAP,,9:11:00 AM,9:19:00 AM,,0.00,0.00,0.00,0.00,0.00,,2,2,0,0,2,6,,38.322388,-123.089436,1633,,38.323631,-123.089722,1635,,,SS,JL,,,60.00,2,98,94,4,10,0,0,0,0,12,0,5,SE,6.00,,,,
BHM0815201004,BHT03_20,,BH10,MAP,,9:25:00 AM,9:34:00 AM,,0.00,0.00,0.00,0.00,0.00,,2,2,0,0,2,6,,38.320795,-123.089009,1636,,38.321788,-123.089780,1637,,,SS,JL,,,60.00,1,98,94,4,10,0,0,0,0,20,0,5,SE,6.00,,,,
BHM0815201005,BHT03_20,,BH10,MAP,,9:41:00 AM,9:45:00 AM,,0.00,0.00,0.00,0.00,0.00,,2,2,0,0,2,6,,38.320922,-123.088786,1638,,38.321432,-123.089061,1639,,,SS,IMB,,,60.00,2,94,96,4,10,0,0,0,0,6,0,5,SE,6.00,,,,
BHM0815201006,BHT03_20,,BH10,MAP,,9:49:00 AM,10:01:00 AM,,0.00,0.00,-2.50,0.00,0.00,,2,2,0,0,2,6,,38.320912,-123.088955,1640,,38.322466,-123.089519,1643,,,SS,ML,,,60.00,1,96,96,4,10,0,0,0,0,21,0,5,SE,6.00,,,,
BHM0908201001,BHT05_20,,BH10,MPA,,9:47:00 AM,9:57:00 AM,,0.00,0.00,0.00,0.00,0.00,,2,2,0,0,1,5,,38.323171,-123.089513,1736,,38.322584,-123.088930,1738,,,SS,IMB,,,55.0,2,92,88,4,10,0,0,0,0,5,3,LV,,3.00,,,,
BHM0908201002,BHT05_20,,BH10,MPA,,10:02:00 AM,10:09:00 AM,,0.00,0.00,0.00,0.00,0.00,,2,2,0,0,1,5,,38.322318,-123.089166,1739,,38.322150,-123.088531,1740,,,SS,JL,,,55.0,2,97,,4,10,0,0,0,0,16,3,LV,,3.00,,,,
BHM0908201003,BHT05_20,,BH10,MPA,,10:14:00 AM,10:14:00 AM,,0.00,-1.00,0.00,0.00,0.00,,2,2,0,0,1,5,,38.32232,-123.089107,1741,,,,,,,SS,JL,,,55.0,,91,,4,10,0,0,0,0,7,3,LV,,3.00,,#3 OFF WHOLE TIME,,
BHM0908201004,BHT05_20,,BH10,MPA,,10:35:00 AM,10:44:00 AM,,0.00,0.00,0.00,0.00,0.00,,2,2,0,0,1,5,,38.322766,-123.088574,1742,,38.322857,-123.088410,1743,,,SS,HK,,,55.0,2,93,81,4,10,0,0,0,0,26,3,LV,,3.00,,Start waypoint from first fish. Drift should be extrapolated,,
BHM0908201005,BHT05_20,,BH10,MPA,,10:56:00 AM,11:11:00 AM,,0.00,-2.50,0.00,0.00,0.00,,2,2,0,0,1,5,,38.322242,-123.089273,1745,,38.321681,-123.088147,1756,,,SS,HK,,,55.0,2,96,,4,10,0,0,0,0,41,3,LV,,3.00,,,,
BHM0908201006,BHT05_20,,BH10,MPA,,11:27:00 AM,11:30:00 AM,,0.00,0.00,0.00,0.00,0.00,,2,2,0,0,1,5,,38.322186,-123.089123,1747,,38.322361,-123.088831,1748,,,SS,IMB,,,55.0,2,94,91,4,10,0,0,0,0,12,3,LV,,3.00,,,,
BHM0810201401,BHT01_20,,BH14,MPA,,11:31:00 AM,11:47:00 AM,,-1.50,-3.00,-4.00,0.00,0.00,,2,2,0,0,2,6,,38.316736,-123.075829,1408,,38.317474,-123.077198,1410,,,SS,HK,,,56.0,2,29,30,4,10,0,0,0,0,3,3,3,W,10.00,,,,
BHM0810201402,BHT01_20,,BH14,MPA,,11:52:00 AM,12:08:00 PM,,0.00,0.00,-1.00,0.00,0.00,,2,2,0,0,2,6,,38.317024,-123.078149,1411,,38.318491,-123.078724,1415,,,SS,HK,,,56.0,3,35,39,4,10,0,0,0,0,6,3,3,W,10.00,,,,
BHM0810201403,BHT01_20,,BH14,MPA,,12:13:00 PM,12:26:00 PM,,-1.00,0.00,0.00,0.00,0.00,,2,2,0,0,2,6,,38.315182,-123.079095,1416,,38.316608,-123.079213,1417,,,SS,IMB,,,56.0,2,50,50,4,10,0,0,0,2,3,3,3,W,10.00,,,,
BHM0813201601,BHT02_20,,BH16,MPA,,10:31:00 AM,10:38:00 AM,,0.00,0.00,0.00,0.00,0.00,,2,2,0,0,2,6,,38.312238,-123.084465,1562,,38.312352,-123.084095,1563,,,SS,IMB,,,58.0,2,97,96,4,10,0,0,0,0,26,1,LV,,10.00,,1 DEA BIRD MORT,,
BHM0813201602,BHT02_20,,BH16,MPA,,10:42:00 AM,10:57:00 AM,,0.00,0.00,0.00,0.00,0.00,,2,2,0,0,2,6,,38.312677,-123.084265,1563,,38.312582,-123.083813,1567,,,SS,IMB,,,58.0,2,85,91,4,10,0,0,0,0,27,1,LV,,10.00,,,,
BHM0813201603,BHT02_20,,BH16,MPA,,11:07:00 AM,11:22:00 AM,,0.00,0.00,0.00,0.00,0.00,,2,2,0,0,2,6,,38.312159,-123.082644,1568,,38.312281,-123.082456,1570,,,SS,CN,,,58.00,2,95,82,4,10,0,0,0,0,19,1,LV,,10.00,,,,
BHM0813201604,BHT02_20,,BH16,MPA,,11:26:00 AM,11:33:00 AM,,0.00,0.00,0.00,0.00,0.00,,2,2,0,0,2,6,,38.312145,-123.082672,1572,,38.312281,-123.082482,1573,,,SS,CN,,,58.00,2,89,80,4,10,0,0,0,0,4,1,LV,,10.00,,,,
BHM0810201901,BHT01_20,,BH19,MPA,,12:36:00 PM,12:48:00 PM,,0.00,0.00,0.00,0.00,0.00,,2,2,0,0,2,6,,38.304336,-123.079728,1418,,38.306854,-123.081702,1420,,,SS,JL,,,57.0,3,83,103,4,10,0,0,0,0,5,2,3,W,10.00,,,,
BHM0810201902,BHT01_20,,BH19,MPA,,12:52:00 PM,1:00:00 PM,,-2.00,0.00,-3.00,0.00,0.00,,2,2,0,0,2,6,,38.305635,-123.080726,1421,,38.306979,-123.081806,1422,,,SS,JL,,,57.0,3,90,,4,10,0,0,0,0,2,2,3,W,10.00,,,,
BHM0810201903,BHT01_20,,BH19,MPA,,1:05:00 PM,1:11:00 PM,,0.00,0.00,0.00,0.00,0.00,,2,2,0,0,2,6,,38.305639,-123.079026,1423,,38.306914,-123.079956,1424,,,SS,JL,,,57.0,2,84,101,4,10,0,0,0,0,0,2,3,W,10.00,,,,
BHM0810201904,BHT01_20,,BH19,MPA,,1:15:00 PM,1:24:00 PM,,0.00,0.00,0.00,0.00,0.00,,2,2,0,0,2,6,,38.305171,-123.077604,1425,,38.306790,-123.078649,1426,,,SS,JL,,,57.0,2,75,82,4,10,0,0,0,0,3,2,3,W,10.00,,,,
BHM0810201905,BHT01_20,,BH19,MPA,,1:31:00 PM,1:41:00 PM,,0.00,0.00,0.00,0.00,0.00,,2,2,0,0,2,6,,38.304766,-123.076640,1427,,38.306536,-123.077723,1428,,,SS,JL,,,57.0,2,71,78,4,10,0,0,0,0,6,2,3,W,10.00,,,,
BHM0815202001,BHT03_20,,BH20,MPA,,10:36:00 AM,10:52:00 AM,,-1.00,0.00,-1.00,0.00,0.00,,2,2,0,0,2,6,,38.304982,-123.070105,1644,,38.306603,-123.071080,1645,,,SS,ML,,,60.0,3,33,39,4,10,0,0,0,0,2,0,LV,,5.00,,,,
BHM0815202002,BHT03_20,,BH20,MPA,,10:55:00 AM,11:04:00 AM,,0.00,0.00,0.00,0.00,0.00,,2,2,0,0,2,6,,38.304229,-123.073227,1646,,38.305291,-123.074512,1648,,,SS,IMB,,,60.0,3,63,69,4,10,0,0,0,0,10,0,LV,,5.00,,,,
BHM0815202003,BHT03_20,,BH20,MPA,,11:08:00 AM,11:15:00 AM,,0.00,0.00,0.00,0.00,0.00,,2,2,0,0,2,6,,38.306283,-123.073561,1649,,38.307198,-123.074080,1651,,,SS,JL,,,60.0,3,58,54,4,10,0,0,0,0,6,0,LV,,5.00,,,,
BHM0815202004,BHT03_20,,BH20,MPA,,11:17:00 AM,11:28:00 AM,,0.00,-1.00,0.00,0.00,0.00,,2,2,0,0,2,6,,38.306066,-123.073719,1652,,38.307190,-123.074072,1653,,,SS,ML,,,60.0,1,61,,4,10,0,0,0,0,4,0,LV,,5.00,,,,
BHM0815202005,BHT03_20,,BH20,MPA,,11:32:00 AM,11:35:00 AM,,0.00,0.00,0.00,0.00,0.00,,2,2,0,0,2,6,,38.305077,-123.072641,1654,,38.305223,-123.072994,1655,,,SS,IMB,,,60.0,1,59,71,4,10,0,0,0,0,2,0,LV,,5.00,,,,
BHM0908202001,BHT05_20,,BH20,MPA,,8:25:00 AM,8:40:00 AM,,0.00,0.00,0.00,0.00,0.00,,2,2,0,0,1,5,,38.307121,-123.072132,1724,,38.306310,-123.069819,1726,,,SS,IMB,,,52.0,2,44,38,4,10,0,0,0,0,0,3,5,E,4.00,,2 FISH CELL,,
BHM0908202002,BHT05_20,,BH20,MPA,,8:44:00 AM,8:51:00 AM,,0.00,0.00,-2.00,0.00,0.00,,2,2,0,0,1,5,,38.307592,-123.070644,1727,,38.307640,-123.069567,1729,,,SS,IMB,,,52.0,2,38,27,4,10,0,0,0,0,1,3,5,E,4.00,,,,
BHM0908202003,BHT05_20,,BH20,MPA,,8:52:00 AM,8:57:00 AM,,0.00,-2.00,0.00,0.00,0.00,,2,2,0,0,1,5,,38.307731,-123.070374,1730,,38.307766,-123.069781,1731,,,SS,IMB,,,52.0,2,27,29,4,10,0,0,0,0,1,3,5,E,4.00,,,,
BHM0908202004,BHT05_20,,BH20,MPA,,8:58:00 AM,9:16:00 AM,,0.00,0.00,0.00,0.00,0.00,,2,2,0,0,1,5,,38.3073,-123.070292,1732,,38.305896,-123.069296,1734,,,SS,IMB,,,52.0,2,31,33,4,10,0,0,0,0,0,3,5,E,4.00,,,,
BHR0813202301,BHT02_20,,BH23,REF,,11:54:00 AM,12:09:00 PM,,0.00,0.00,0.00,0.00,0.00,,2,2,0,0,2,6,,38.281810,-123.047524,1575,,38.281386,-123.047286,1576,,,SS,CN,,,59.00,1,90,95,4,10,0,0,0,0,4,1,LV,,10.00,,,,
BHR0813202302,BHT02_20,,BH23,REF,,12:12:00 PM,12:27:00 PM,,0.00,0.00,0.00,0.00,0.00,,2,2,0,0,2,6,,38.284101,-123.050262,1577,,38.283767,-123.049365,1578,,,SS,IMB,,,59.00,2,76,81,4,10,0,0,0,0,8,1,LV,,10.00,,,,
BHR0813202303,BHT02_20,,BH23,REF,,12:31:00 PM,12:46:00 PM,,0.00,0.00,0.00,0.00,0.00,,2,2,0,0,2,6,,38.282581,-123.050551,1579,,38.28223,-123.050454,1580,,,SS,IMB,,,59.00,2,90,95,4,10,0,0,0,0,19,1,LV,,10.00,,,,
BHR0810202401,BHT01_20,,BH24,REF,,2:02:00 PM,2:17:00 PM,,0.00,0.00,0.00,0.00,0.00,,2,2,0,0,2,6,,38.278451,-123.046716,1429,,38.280229,-123.046922,1430,,,SS,IMB,,,56.0,1,117,109,4,10,0,0,0,0,4,3,4,W,10.00,,,,
BHR0810202402,BHT01_20,,BH24,REF,,2:22:00 PM,2:37:00 PM,,0.00,-0.50,0.00,0.00,0.00,,2,2,0,0,2,6,,38.275918,-123.047868,1431,,38.279622,-123.048359,1433,,,SS,IMB,,,56.0,2,123,95,4,10,0,0,0,0,4,3,4,W,10.00,,,,
BHR0810202403,BHT01_20,,BH24,REF,,2:45:00 PM,2:57:00 PM,,0.00,0.00,0.00,0.00,0.00,,2,2,0,0,2,6,,38.276086,-123.049247,1434,,38.278676,-123.049640,1457,,,SS,JL,,,56.0,2,123,108,4,10,0,0,0,0,12,3,4,W,10.00,,,,
BHR0810202404,BHT01_20,,BH24,REF,,3:02:00 PM,3:05:00 PM,,0.00,0.00,0.00,0.00,0.00,,2,2,0,0,2,6,,38.276055,-123.049363,1438,,38.276693,-123.049334,1439,,,SS,JL,,,56.0,2,125,115,4,10,0,0,0,0,3,3,4,W,10.00,,,,
BHR0815202501,BHT03_20,,BH25,REF,,11:49:00 AM,11:53:00 AM,,0.00,0.00,0.00,0.00,0.00,,2,2,0,0,2,6,,38.283665,-123.038498,1656,,38.283963,-123.038947,1657,,,SS,JL,,,60.0,2,50,,4,10,0,0,0,0,2,0,LV,,3.00,,,,
BHR0815202502,BHT03_20,,BH25,REF,,11:58:00 AM,12:03:00 PM,,0.00,0.00,0.00,0.00,0.00,,2,2,0,0,2,6,,38.283978,-123.038338,1658,,38.284063,-123.038537,1659,,,SS,JL,,,60.0,2,52,48,4,10,0,0,0,0,0,0,LV,,3.00,,,,
BHR0815202503,BHT03_20,,BH25,REF,,12:08:00 PM,12:11:00 PM,,0.00,0.00,0.00,0.00,0.00,,2,2,0,0,2,6,,38.283255,-123.037464,1660,,38.283443,-123.037288,1661,,,SS,IMB,,,60.0,1,45,51,4,10,0,0,0,0,0,0,LV,,3.00,,,,
BHR0815202504,BHT03_20,,BH25,REF,,12:13:00 PM,12:28:00 PM,,0.00,0.00,0.00,0.00,0.00,,2,2,0,0,2,6,,38.283812,-123.035750,1662,,38.284430,-123.036074,1664,,,SS,IMB,,,60.0,2,54,46,4,10,0,0,0,0,6,0,LV,,3.00,,,,
BHR0815202505,BHT03_20,,BH25,REF,,12:35:00 PM,12:53:00 PM,,0.00,0.00,0.00,0.00,0.00,,2,2,0,0,2,6,,38.285089,-123.036937,1665,,38.285170,-123.036684,1666,,,SS,ML,,,60.0,2,43,38,4,10,0,0,0,0,0,0,LV,,3.00,,,,
BHR0908202502,BHT05_20,,BH25,REF,,7:10:00 AM,7:16:00 AM,,0.00,0.00,-1.00,0.00,0.00,,2,2,0,0,1,5,,38.284414,-123.040151,1712,,38.284226,-123.039546,1713,,,SS,JL,,,52.0,2,56,53,4,10,0,0,0,0,7,3,5,E,4.00,,,,
BHR0908202503,BHT05_20,,BH25,REF,,7:18:00 AM,7:26:00 AM,,0.00,-2.00,0.00,0.00,0.00,,2,2,0,0,1,5,,38.284462,-123.040126,1714,,38.283614,-123.039421,1715,,,SS,JL,,,52.0,2,54,51,4,10,0,0,0,0,4,3,5,E,4.00,,,,
BHR0908202504,BHT05_20,,BH25,REF,,7:28:00 AM,7:42:00 AM,,0.00,0.00,0.00,0.00,0.00,,2,2,0,0,1,5,,38.284635,-123.040001,1716,,38.284476,-123.039475,1719,,,SS,IMB,,,52.0,2,54,55,4,10,0,0,0,0,11,3,5,E,4.00,,,,
BHR0908202505,BHT05_20,,BH25,REF,,7:48:00 AM,7:57:00 AM,,0.00,0.00,0.00,0.00,0.00,,2,2,0,0,1,5,,38.28423,-123.039325,1720,,38.284080,-123.038295,1721,,,SS,IMB,,,52.0,2,57,44,4,10,0,0,0,0,5,3,5,E,4.00,,,,
BHR0908202506,BHT05_20,,BH25,REF,,8:01:00 AM,8:06:00 AM,,0.00,0.00,0.00,0.00,0.00,,2,2,0,0,1,5,,38.283928,-123.035878,1722,,38.283820,-123.035707,1723,,,SS,IMB,,,52.0,1,45,47,4,10,0,0,0,0,2,3,5,E,4.00,,,,
BHR0908202501,BHT05_20,,BH25,REF,,7:01:00 AM,7:04:00 AM,,0.00,0.00,0.00,0.00,0.00,,2,2,0,0,1,5,,,,,,,,212,,,SS,JL,,,52.0,2,57,54,4,10,0,0,0,0,2,3,5,E,4.00,,GPS #2 FOR DRIFT #1 ONLY :(,,
BHR0810202701,BHT01_20,,BH27,REF,,3:17:00 PM,3:32:00 PM,,0.00,0.00,-1.00,0.00,0.00,,2,2,0,0,2,6,,38.278089,-123.032447,1440,,38.280801,-123.032397,1441,,,SS,JL,,,56.0,3,52,37,4,10,0,0,0,0,0,3,4,W,10.00,,,,
BHR0810202702,BHT01_20,,BH27,REF,,3:35:00 PM,3:50:00 PM,,0.00,0.00,0.00,0.00,0.00,,2,2,0,0,2,6,,38.278132,-123.030691,1442,,38.280174,-123.030100,1444,,,SS,IMB,,,56.0,2,59,51,4,10,0,0,0,0,2,3,4,W,10.00,,,,
BHR0810202703,BHT01_20,,BH27,REF,,3:54:00 PM,4:09:00 PM,,0.00,0.00,-1.00,0.00,0.00,,2,2,0,0,2,6,,38.279777,-123.029956,1445,,38.279784,-123.029947,1446,,,SS,JL,,,56.0,2,39,54,4,10,0,0,0,0,4,3,4,W,10.00,,,,
SPM0910200101,SPT05_20,,SP01,MPA,,8:47:00 AM,8:53:00 AM,,0.00,0.00,-6.00,0.00,0.00,,2,2,0,0,2,6,,38.652614,-123.413883,1800,,38.653508,-123.415483,1801,,,SS,JL,,,53.00,2,93,101,4,12,0,0,0,0,15,3,LV,N/A,2.00,,,,
SPM0910200102,SPT05_20,,SP01,MPA,,9:01:00 AM,9:08:00 AM,,0.00,0.00,0.00,0.00,0.00,,2,2,0,0,2,6,,38.651872,-123.412817,1803,,38.652834,-123.414623,1805,,,SS,JL,,,53.00,2,97,,4,12,0,0,0,0,42,3,LV,N/A,2.00,,,,
SPM0910200103,SPT05_20,,SP01,MPA,,9:14:00 AM,9:21:00 AM,,0.00,0.00,0.00,0.00,0.00,,2,2,0,0,2,6,,38.652067,-123.413320,1806,,38.653131,-123.414303,1808,,,SS,IMB,,,53.00,3,93,,4,12,0,0,0,0,31,3,LV,N/A,2.00,,,,
SPM0910200104,SPT05_20,,SP01,MPA,,9:28:00 AM,9:34:00 AM,,0.00,0.00,0.00,0.00,0.00,,2,2,0,0,2,6,,38.653650,-123.412242,1809,,38.654114,-123.413187,1812,,,SS,HK,,,53.00,2,71,74,4,12,0,0,0,0,29,3,LV,N/A,2.00,,,,
SPM0910200105,SPT05_20,,SP01,MPA,,9:44:00 ,9:58:00 AM,,0.00,0.00,0.00,0.00,0.00,,2,2,0,0,2,6,,38.651951,-123.413061,1814,,38.653094,-123.415632,1817,,,SS,IMB,,,53.00,2,94,106,4,12,0,0,0,0,32,3,LV,N/A,2.00,,caught Beringraja binoculata ,,
SPM0910200106,SPT05_20,,SP01,MPA,,10:07:00 AM,10:12:00 AM,,0.00,0.00,-1.00,0.00,0.00,,2,2,0,0,2,6,,38.651489,-123.412759,1818,,38.65189,-123.413234,1819,,,SS,JL,,,53.00,2,94,101,4,12,0,0,0,0,15,3,LV,N/A,2.00,,,,
SPM0814200201,SPT03_20,,SP02,MPA,,8:47:00 AM,9:02:00 AM,,0.00,-3.00,0.00,0.00,0.00,,2,2,0,0,2,6,,38.643237,-123.409190,1581,,38.644174,-123.408319,1585,,,SS,ML,,,56.0,3,126,110,4,10,0,0,0,0,31,1,LV,,10.00,,HK FISHING FOR #5,,
SPM0814200202,SPT03_20,,SP02,MPA,,9:08:00 AM,9:14:00 AM,,0.00,0.00,-1.00,0.00,0.00,,2,2,0,0,2,6,,38.644300,-123.408622,1586,,38.644364,-123.408266,1587,,,SS,HK,,,56.0,3,109,106,4,10,0,0,0,0,41,1,LV,,10.00,,,,
SPM0814200203,SPT03_20,,SP02,MPA,,9:22:00 AM,9:29:00 AM,,0.00,0.00,0.00,0.00,0.00,,2,2,0,0,2,6,,38.644475,-123.408373,1588,,38.644513,-123.408225,1590,,,SS,JL,,,56.0,3,101,95,4,10,0,0,0,0,44,1,LV,,10.00,,,,
SPM0814200204,SPT03_20,,SP02,MPA,,9:56:00 AM,10:05:00 AM,,0.00,0.00,-2.00,0.00,0.00,,2,2,0,0,2,6,,38.644138,-123.408405,1591,,38.6444,-123.408191,1593,,,SS,ML,,,56.0,3,76,94,4,10,0,0,0,0,37,1,LV,,10.00,,,,
SPM0814200205,SPT03_20,,SP02,MPA,,10:37:00 AM,10:44:00 AM,,0.00,0.00,0.00,0.00,0.00,,2,2,0,0,2,6,,38.644736,-123.408308,1594,,38.644848,-123.408096,1596,,,SS,HK,,,56.0,3,91,82,4,10,0,0,0,0,39,1,LV,,10.00,,,,
SPM0909200201,SPT04_20,,SP02,MPA,,9:01:00 AM,9:06:00 AM,,0.00,0.00,0.00,0.00,0.00,,2,2,0,0,2,6,,38.644473,-123.408667,1760,,38.645454,-123.408694,1761,,,SS,IMB,,,52.00,3,109,105,4,12,0,0,0,0,12,3,10,SW,1.00,,,,
SPM0909200202,SPT04_20,,SP02,MPA,,9:10:00 AM,9:18:00 AM,,0.00,0.00,0.00,0.00,0.00,,2,2,0,0,2,6,,38.644150,-123.408267,1762,,38.646277,-123.409514,1763,,,SS,IMB,,,52.00,3,111,107,4,12,0,0,0,0,14,3,10,SW,1.00,,,,
SPM0909200203,SPT04_20,,SP02,MPA,,9:23:00 AM,9:28:00 AM,,0.00,0.00,0.00,0.00,0.00,,2,2,0,0,2,6,,38.644284,-123.407819,1764,,38.646695,-123.408548,1765,,,SS,IMB,,,52.00,3,104,107,4,12,0,0,0,0,23,3,10,SW,1.00,,,,
SPM0909200204,SPT04_20,,SP02,MPA,,9:39:00 AM,9:45:00 AM,,0.00,-3.00,0.00,0.00,0.00,,2,2,0,0,2,6,,38.643898,-123.405533,1766,,38.646659,-123.407077,1768,,,SS,IMB,,,52.00,3,48,77,4,12,0,0,0,0,27,3,10,SW,1.00,,,,
SPM0909200205,SPT04_20,,SP02,MPA,,9:56:00 AM,10:09:00 AM,,0.00,0.00,0.00,0.00,0.00,,2,2,0,0,2,6,,38.642345,-123.408360,1769,,38.644065,-123.409203,1770,,,SS,IMB,,,52.00,3,93,114,4,12,0,0,0,0,31,3,10,SW,1.00,,,,
SPM0909200206,SPT04_20,,SP02,MPA,,10:16:00 AM,10:23:00 AM,,0.00,0.00,0.00,0.00,0.00,,2,2,0,0,2,6,,38.644265,-123.407955,1771,,38.644834,-123.408183,1772,,,SS,IMB,,,52.00,,,98,4,12,0,0,0,0,24,3,10,SW,1.00,,End waypoint from last fish.  Drift should be extrapolated,,
SPM0812200301,SPT02_20,,SP03,MPA,,8:35:00 AM,8:45:00 AM,,0.00,-2.00,0.00,0.00,0.00,,2,2,0,0,2,6,,38.638745,-123.403982,1498,,38.638668,-123.404174,1499,,,SS,IMB,,,55.00,3,74,86,4,10,0,0,0,0,51,3,1,W,5.00,,,,
SPM0812200302,SPT02_20,,SP03,MPA,,8:51:00 AM,9:06:56 AM,,0.00,0.00,0.00,0.00,0.00,,2,2,0,0,2,6,,38.638796,-123.404391,1502,,38.638882,-123.404201,1506,,,SS,HK,,,55.00,3,80,71,4,10,0,0,0,0,91,3,1,W,5.00,,,,
SPM0812200303,SPT02_20,,SP03,MPA,,9:00:00 AM,9:36:08 AM,,0.00,0.00,0.00,0.00,0.00,,2,2,0,0,2,6,,38.639749,-123.403945,1507,,38.639423,-123.403216,1511,,,SS,IMB,,,55.00,3,55,40,4,10,0,0,0,0,88,3,1,W,5.00,,,,
SPM0812200304,SPT02_20,,SP03,MPA,,9:48:00 AM,9:53:22 AM,,0.00,0.00,0.00,0.00,0.00,,2,2,0,0,2,6,,38.640122,-123.407002,1512,,38.640296,-123.406914,1513,,,SS,HK,,,55.00,3,77,94,4,10,0,0,0,0,40,3,1,W,5.00,,,,
SPM0909200301,SPT04_20,,SP03,MPA,,10:36:00 AM,10:45:00 AM,,0.00,0.00,0.00,0.00,0.00,,2,2,0,0,2,6,,38.638271,-123.403757,1773,,38.640502,-123.404969,1776,,,SS,IMB,,,53.00,3,72,74,4,12,0,0,0,0,42,3,5-10,SW,1.00,,,,
SPM0909200302,SPT04_20,,SP03,MPA,,10:49:00 AM,10:58:00 AM,,0.00,0.00,0.00,0.00,0.00,,2,2,0,0,2,6,,38.639377,-123.403160,1777,,38.641548,-123.404645,1779,,,SS,IMB,,,53.00,3,50,81,4,12,0,0,0,0,26,3,5-10,SW,1.00,,,,
SPM0909200303, SPT04_20 ,,SP03,MPA,,11:02:00 AM,11:13:00 AM,,0.00,0.00,0.00,0.00,0.00,,2,2,0,0,2,6,,38.638006,-123.404379,1780,,38.641641,-123.405996,1782,,,SS,IN,,,53.00,3,113,93,4,12,0,0,0,0,41,3,5-10,SW,1.00,,,,
SPM0909200304,SPT04_20,,SP03,MPA,,11:20:00 AM,11:27:00 AM,,0.00,0.00,0.00,0.00,0.00,,2,2,0,0,2,6,,38.638383,-123.404250,1783,,,,,,,SS,IMB,,,53.00,3,50,83,4,12,0,0,0,0,27,3,5-10,SW,1.00,,Drift should be extrapolated,,
SPM0909200305,SPT04_20,,SP03,MPA,,11:35:00 AM,11:44:00 AM,,0.00,0.00,0.00,0.00,0.00,,2,2,0,0,2,6,,38.638332,-123.404429,1784,,38.641004,-123.406262,1786,,,SS,IMB,,,53.00,3,72,88,4,12,0,0,0,0,46,3,5-10,SW,1.00,,,,
SPM0814200501,SPT03_20,,SP05,MPA,,11:04:00 AM,11:19:00 AM,,0.00,0.00,0.00,0.00,0.00,,2,2,0,0,2,6,,38.623840,-123.386787,1597,,38.623173,-123.386001,1599,,,SS,JL,,,58.0,3,98,86,4,10,0,0,0,0,46,0,LV,,5.00,,,,
SPM0814200502,SPT03_20,,SP05,MPA,,11:25:00 AM,11:40:00 AM,,0.00,0.00,0.00,0.00,0.00,,2,2,0,0,2,6,,38.624833,-123.387697,1600,,38.624402,-123.387352,1602,,,SS,HK,,,58.0,3,74,86,4,10,0,0,0,0,38,0,LV,,5.00,,,,
SPM0814200503,SPT03_20,,SP05,MPA,,11:48:00 AM,12:03:00 PM,,-1.00,-2.00,-1.00,0.00,0.00,,2,2,0,0,2,6,,38.624123,-123.386893,1603,,38.624043,-123.385133,1606,,,SS,JL,,,58.0,2,71,74,4,10,0,0,0,0,53,0,LV,,5.00,,,,
SPM0910200501,SPT05_20,,SP05,MPA,,10:32:00 AM,10:44:00 AM,,0.00,0.00,-2.00,0.00,0.00,,2,2,0,0,2,6,,38.623980,-123.386805,1820,,38.624481,-123.38789,1825,,,SS,JL,,,53.00,3,74,90,4,12,0,0,0,0,48,3,LV,N/A,1.00,,,,
SPM0910200502,SPT05_20,,SP05,MPA,,10:55:00 AM,11:10:00 AM,,0.00,0.00,0.00,0.00,0.00,,2,2,0,0,2,6,,38.624121,-123.385997,1826,,38.624471,-123.387298,1831,,,SS,JL,,,53.00,2,72,90,4,12,0,0,0,0,54,3,LV,N/A,1.00,,,,
SPM0910200503,SPT05_20,,SP05,MPA,,11:16:00 AM,11:31:00 AM,,-1.50,0.00,-1.00,0.00,0.00,,2,2,0,0,2,6,,38.624079,-123.386259,1831,,38.623951,-123.38693,1833,,,SS,IMB,,,53.00,2,72,71,4,12,0,0,0,0,27,3,LV,N/A,1.00,,,,
SPM0910200504,SPT05_20,,SP05,MPA,,11:36:00 AM,11:41:00 AM,,0.00,0.00,0.00,0.00,0.00,,2,2,0,0,2,6,,38.624071,-123.387151,1834,,38.624264,-123.386922,1835,,,SS,IMB,,,53.00,2,85,72,4,12,0,0,0,0,9,3,LV,N/A,1.00,,,,
SPM0811200701,SPT01_20,,SP07,MPA,,8:41:00 AM,8:46:00 AM,,0.00,0.00,-1.00,0.00,0.00,,2,2,0,0,2,6,,38.613758,-123.380261,1447,,38.614500,-123.381094,1448,,,SS,HK,,,54.0,2,84,82,4,10,0,0,0,0,18,2,10,SE,5.00,,,,
SPM0811200702,SPT01_20,,SP07,MPA,,8:49:00 AM,9:03:00 AM,,0.00,0.00,0.00,0.00,0.00,,2,2,0,0,2,6,,38.613297,-123.379751,1449,,38.614785,-123.381304,1451,,,SS,HK,,,54.0,3,77,106,4,10,0,0,0,0,39,2,10,SE,5.00,,3 FLOATERS,,
SPM0811200703,SPT01_20,,SP07,MPA,,9:11:00 AM,9:16:00 AM,,0.00,0.00,0.00,0.00,0.00,,2,2,0,0,2,6,,38.613334,-123.380163,1453,,38.613798,-123.380874,1454,,,SS,HK,,,54.0,3,72,88,4,10,0,0,0,0,12,2,10,SE,5.00,,,,
SPM0811200704,SPT01_20,,SP07,MPA,,9:23:00 AM,9:30:00 AM,,0.00,0.00,0.00,0.00,0.00,,2,2,0,0,2,6,,38.610818,-123.379044,1455,,38.611641,-123.379298,1456,,,SS,HK,,,54.0,3,109,93,4,10,0,0,0,0,31,2,10,SE,5.00,,End WP from last fish,,
SPM0811200705,SPT01_20,,SP07,MPA,,9:36:00 AM,9:47:00 AM,,0.00,0.00,-2.00,0.00,0.00,,2,2,0,0,2,6,,38.610941,-123.379278,1457,,38.612134,-123.380367,1460,,,SS,IMB,,,54.0,3,90,95,4,10,0,0,0,0,48,2,10,SE,5.00,,,,
SPM0811200706,SPT01_20,,SP07,MPA,,9:57:00 AM,10:00:00 AM,,0.00,0.00,0.00,0.00,0.00,,2,2,0,0,2,6,,38.614647,-123.378121,1461,,38.614909,-123.378335,1462,,,SS,JL,,,54.0,3,60,54,4,10,0,0,0,0,17,2,10,SE,5.00,,,,
SPM0811200801,SPT01_20,,SP08,MPA,,10:17:00 AM,10:25:00 AM,,0.00,0.00,0.00,0.00,0.00,,2,2,0,0,2,6,,38.598358,-123.371073,1463,,38.600516,-123.372343,1466,,,SS,JL,,,55.0,3,98,116,4,10,0,0,0,0,35,2,10,SE,5.00,,MAGGIE GOT A SEA CUCUMBER,,
SPM0811200802,SPT01_20,,SP08,MPA,,10:32:00 AM,10:40:00 AM,,0.00,0.00,0.00,0.00,0.00,,2,2,0,0,2,6,,38.599048,-123.371281,1467,,38.600194,-123.372549,1469,,,SS,JL,,,55.0,3,106,132,4,10,0,0,0,0,26,2,10,SE,5.00,,End WP from last fish,,
SPM0811200803,SPT01_20,,SP08,MPA,,10:50:00 AM,10:58:00 AM,,0.00,0.00,-1.00,0.00,0.00,,2,2,0,0,2,6,,38.598533,-123.369514,1470,,38.600400,-123.371187,1472,,,SS,JL,,,55.0,2,63,72,4,10,0,0,0,0,30,2,10,SE,5.00,,,,
SPM0811200804,SPT01_20,,SP08,MPA,,11:05:00 AM,11:12:00 AM,,0.00,0.00,0.00,0.00,0.00,,2,2,0,0,2,6,,38.599364,-123.37058,1473,,38.601160,-123.372115,1475,,,SS,JL,,,55.0,3,79,125,4,10,0,0,0,0,14,2,10,SE,5.00,,,,
SPM0811200805,SPT01_20,,SP08,MPA,,11:21:00 AM,11:26:00 AM,,0.00,0.00,0.00,0.00,0.00,,2,2,0,0,2,6,,38.601621,-123.36824,1476,,38.602185,-123.368647,1478,,,SS,JL,,,55.0,3,40,47,4,10,0,0,0,0,15,2,10,SE,5.00,,,,
SPM0811200806,SPT01_20,,SP08,MPA,,11:33:00 AM,11:39:00 AM,,0.00,-1.00,0.00,0.00,0.00,,2,2,0,0,2,6,,38.601234,-123.368233,1479,,38.602381,-123.369219,1482,,,SS,HK,,,55.0,3,52,82,4,10,0,0,0,0,18,2,10,SE,5.00,,,,
SPM0811200807,SPT01_20,,SP08,MPA,,11:45:00 AM,11:48:00 AM,,0.00,0.00,0.00,0.00,0.00,,2,2,0,0,2,6,,38.599306,-123.368845,1483,,38.599975,-123.369410,1484,,,SS,IMB,,,55.0,3,75,90,4,10,0,0,0,0,1,2,10,SE,5.00,,,,
SPR0814201201,SPT03_20,,SP12,REF,,12:48:00 PM,1:03:00 PM,,0.00,0.00,0.00,0.00,0.00,,2,2,0,0,2,6,,38.568088,-123.343874,1607,,38.543644,-123.302037,1610,,,SS,HK,,,59.0,3,70,64,4,10,0,0,0,2,20,0,LV,,5.00,,"POACHER AT WP#1607, #5 SCI CREW -> ANGLER WHO WAS SICK PREV. CELLS",,
SPR0814201202,SPT03_20,,SP12,REF,,1:06:00 PM,1:12:00 PM,,0.00,0.00,0.00,0.00,0.00,,2,2,0,0,2,6,,38.544134,-123.302938,1611,,38.544144,-123.302919,1612,,,SS,JL,,,59.0,3,76,62,4,10,0,0,0,0,14,0,LV,,5.00,,,,
SPR0814201203,SPT03_20,,SP12,REF,,1:21:00 PM,1:36:00 PM,,0.00,0.00,0.00,0.00,0.00,,2,2,0,0,2,6,,38.544024,-123.303127,1613,,38.544187,-123.301280,1615,,,SS,HK,,,59.0,2,57,50,4,10,0,0,0,0,13,0,LV,,5.00,,,,
SPR0814201204,SPT03_20,,SP12,REF,,1:38:00 PM,1:47:00 PM,,0.00,0.00,-0.50,0.00,0.00,,2,2,0,0,2,6,,38.544429,-123.303011,1616,,,,,,,SS,HK,,,59.0,3,43,53,4,10,0,0,0,0,11,0,LV,,5.00,,,,
SPR0811201301,SPT01_20,,SP13,REF,,12:23:00 PM,12:31:00 PM,,0.00,0.00,0.00,0.00,0.00,,2,2,0,0,2,6,,38.533656,-123.294261,1485,,38.534872,1293.704550,1486,,,SS,HK,,,56.0,3,120,110,4,10,0,0,0,0,16,2,10,SW,6.00,,End WP from last fish,,
SPR0811201302,SPT01_20,,SP13,REF,,12:35:00 PM,12:48:00 PM,,0.00,0.00,0.00,0.00,0.00,,2,2,0,0,2,6,,38.533279,-123.293365,1487,,38.535158,-123.295651,1489,,,SS,IMB,,,56.0,3,123,112,4,10,0,0,0,0,18,2,10,SW,6.00,,,,
SPR0811201303,SPT01_20,,SP13,REF,,12:51:00 PM,12:55:00 PM,,0.00,0.00,0.00,0.00,0.00,,2,2,0,0,2,6,,38.535274,-123.295829,1490,,38.535824,-123.296592,1492,,,SS,JL,,,56.0,3,110,85,4,10,0,0,0,0,13,2,10,SW,6.00,,,,
SPR0811201304,SPT01_20,,SP13,REF,,1:01:00 PM,1:16:00 PM,,0.00,-0.50,-0.50,0.00,0.00,,2,2,0,0,2,6,,38.536027,-123.292808,1493,,38.537582,-123.295535,1495,,,SS,IMB,,,56.0,3,78,74,4,10,0,0,0,0,32,2,10,SW,6.00,,,,
SPR0811201305,SPT01_20,,SP13,REF,,1:21:00 PM,1:26:00 PM,,0.00,0.00,0.00,0.00,0.00,,2,2,0,0,2,6,,38.537509,-123.292774,1496,,38.537716,-123.292848,1497,,,SS,IMB,,,56.0,3,38,42,4,10,0,0,0,0,5,2,10,SW,6.00,,,,
SPR0812201601,SPT02_20,,SP16,REF,,10:44:00 AM,10:58:00 AM,,-2.00,0.00,0.00,0.00,0.00,,2,2,0,0,2,6,,38.524060,-123.274039,1514,,38.525396,-123.273326,1517,,,SS,HK,,,55.00,3,55,49,4,10,0,0,0,0,20,3,1,W,5.00,,,,
SPR0812201602,SPT02_20,,SP16,REF,,11:01:00 AM,11:15:00 AM,,0.00,-0.50,0.00,0.00,0.00,,2,2,0,0,2,6,,38.523379,-123.274248,1518,,38.524668,-123.273841,1519,,,SS,IMB,,,55.00,3,49,,4,10,0,0,0,0,21,3,1,W,5.00,,,,
SPR0812201603,SPT02_20,,SP16,REF,,11:19:00 AM,11:30:00 AM,,-0.50,0.00,0.00,0.00,0.00,,2,2,0,0,2,6,,38.523456,-123.274349,1520,,38.524765,-123.274022,1522,,,SS,JL,,,55.00,2,53,48,4,10,0,0,0,0,12,3,1,W,5.00,,"ANGLER #2 VERY SEASICK, SO NOT FISHING SUPER ACTIVELY. OSPREY MORT FOR A GOPHER ",,
SPR0812201604,SPT02_20,,SP16,REF,,11:38:00 AM,11:42:00 AM,,0.00,0.00,0.00,0.00,0.00,,2,2,0,0,2,6,,38.524680,-123.275113,1523,,,,,,,SS,JL,,,55.00,2,58,55,4,10,0,0,0,0,6,3,1,W,5.00,,,,
SPR0812201605,SPT02_20,,SP16,REF,,11:48:00 AM,11:50:00 AM,,0.00,0.00,0.00,0.00,0.00,,2,2,0,0,2,6,,38.521842,-123.275787,1524,,,,,,,SS,HK,,,55.00,3,63,,4,10,0,0,0,0,18,3,1,W,5.00,,,,
SPR0909201601,SPT04_20,,SP16,REF,,12:50:00 PM,12:59:00 PM,,0.00,0.00,0.00,0.00,0.00,,2,2,0,0,2,6,,38.524634,-123.275264,1788,,38.524669,-123.275318,1789,,,SS,IMB,,,54.90,3,41,49,4,12,0,0,0,0,8,3,5-10,SW,1.00,,End waypoint inferred,,
SPR0909201602,SPT04_20,,SP16,REF,,1:05:00 AM,1:12:00 AM,,0.00,0.00,0.00,0.00,0.00,,2,2,0,0,2,6,,38.523764,-123.274118,1790,,38.52503,-123.275178,1791,,,SS,IMB,,,54.90,3,41,70,4,12,0,0,0,0,6,3,5-10,SW,1.00,,,,
SPR0909201603,SPT04_20,,SP16,REF,,1:16:00 AM,1:30:00 AM,,0.00,0.00,0.00,0.00,0.00,,2,2,0,0,2,6,,38.521141,-123.273526,1792,,38.52365,-123.276621,1795,,,SS,IMB,,,54.90,2,75,,4,12,0,0,0,0,22,3,5-10,SW,1.00,,,,
SPR0909201604,SPT04_20,,SP16,REF,,1:34:00 AM,1:49:00 AM,,0.00,-2.00,-3.00,0.00,0.00,,2,2,0,0,2,6,,38.521965,-123.272312,1796,,38.52487,-123.275381,1799,,,SS,IN,,,54.90,3,56,68,4,12,0,0,0,0,14,3,5-10,SW,1.00,,,,
SPR0910201801,SPT05_20,,SP18,REF,,12:31:00 PM,12:37:00 PM,,0.00,0.00,0.00,0.00,0.00,,2,2,0,0,2,6,,38.509191,-123.256425,1836,,38.509474,-123.257485,1837,,,SS ,IMB,,,55.00,3,86,79,4,12,0,0,0,0,5,3,LV,N/A,1.00,,,,
SPR0910201802,SPT05_20,,SP18,REF,,12:44:00 PM,12:56:00 PM,,-1.00,-1.00,0.00,0.00,0.00,,2,2,0,0,2,6,,38.507824,-123.254591,1838,,38.508088,-123.256456,1840,,,SS,IMB,,,55.00,3,70,70,4,12,0,0,0,0,10,3,LV,N/A,1.00,,,,
SPR0910201803,SPT05_20,,SP18,REF,,12:58:00 PM,1:10:00 AM,,0.00,-1.00,0.00,0.00,0.00,,2,2,0,0,2,6,,38.509253,-123.256526,1841,,38.509297,-123.258642,1843,,,SS,HK,,,55.00,3,73,,4,12,0,0,0,0,4,3,LV,N/A,1.00,,,,
SPR0910201804,SPT05_20,,SP18,REF,,1:13:00 AM,1:28:00 AM,,0.00,0.00,0.00,0.00,0.00,,2,2,0,0,2,6,,38.508265,-123.258623,1844,,38.508590,-123.259203,1848,,,SS,HK,,,55.00,1,108,110,4,12,0,0,0,0,35,3,LV,N/A,1.00,,,,
SPR0812202001,SPT02_20,,SP20,REF,,12:27:00 PM,12:39:00 PM,,0.00,0.00,0.00,0.00,0.00,,2,2,0,0,2,6,,38.484098,-123.216975,1525,,38.484755,-123.216243,1526,,,SS,IMB,,,57.00,2,50,47,4,10,0,0,0,0,11,2,2,W,10.00,,4 CAUGHT AN OCHRE STAR,,
SPR0812202002,SPT02_20,,SP20,REF,,12:59:00 PM,1:14:00 PM,,-2.00,0.00,-1.00,0.00,0.00,,2,2,0,0,2,6,,38.482041,-123.219399,1528,,38.482630,-123.217564,1532,,,SS,JL,,,57.00,3,57,62,4,10,0,0,0,1,34,2,2,W,10.00,,,,
SPR0812202003,SPT02_20,,SP20,REF,,1:21:00 PM,1:32:00 PM,,-4.00,-1.00,0.00,0.00,0.00,,2,2,0,0,2,6,,38.482047,-123.219585,1533,,38.482326,-123.218293,1534,,,SS,HK,,,57.00,1,64,71,4,10,0,0,0,0,18,2,2,W,10.00,,End WP from last fish,,
SPR0812202004,SPT02_20,,SP20,REF,,1:36:00 PM,1:43:00 PM,,-1.00,-0.50,0.00,0.00,0.00,,2,2,0,0,2,6,,38.482047,-123.219412,1535,,38.482297,-123.218281,1536,,,SS,HK,,,57.00,3,55,56,4,10,0,0,0,0,4,2,2,W,10.00,,,,