Date,Text date,Time,GPS_Waypoint,Waypoint_link,Lat_DD,Lon_DD,GPS_num,name,WP_ID
8/10/2020,081020,11:31:26 AM,1408,081020_1408,38.316736,-123.075829,1,1,081020_1
8/10/2020,081020,11:44:58 AM,1409,081020_1409,38.317161,-123.077101,1,2,081020_2
8/10/2020,081020,11:48:05 AM,1410,081020_1410,38.317474,-123.077198,1,3,081020_3
8/10/2020,081020,11:52:32 AM,1411,081020_1411,38.317024,-123.078149,1,4,081020_4
8/10/2020,081020,11:57:26 AM,1412,081020_1412,38.317366,-123.078565,1,5,081020_5
8/10/2020,081020,12:00:05 PM,1413,081020_1413,38.317607,-123.07857,1,6,081020_6
8/10/2020,081020,12:08:27 PM,1414,081020_1414,38.318321,-123.07872,1,7,081020_7
8/10/2020,081020,12:10:24 PM,1415,081020_1415,38.318491,-123.078724,1,8,081020_8
8/10/2020,081020,12:13:51 PM,1416,081020_1416,38.315182,-123.079095,1,9,081020_9
8/10/2020,081020,12:26:34 PM,1417,081020_1417,38.316608,-123.079213,1,10,081020_10
8/10/2020,081020,12:36:12 PM,1418,081020_1418,38.304336,-123.079728,1,11,081020_11
8/10/2020,081020,12:45:16 PM,1419,081020_1419,38.306178,-123.081188,1,12,081020_12
8/10/2020,081020,12:48:25 PM,1420,081020_1420,38.306854,-123.081702,1,13,081020_13
8/10/2020,081020,12:53:40 PM,1421,081020_1421,38.305635,-123.080726,1,14,081020_14
8/10/2020,081020,1:00:28 PM,1422,081020_1422,38.306979,-123.081806,1,15,081020_15
8/10/2020,081020,1:05:24 PM,1423,081020_1423,38.305639,-123.079026,1,16,081020_16
8/10/2020,081020,1:11:28 PM,1424,081020_1424,38.306914,-123.079956,1,17,081020_17
8/10/2020,081020,1:16:31 PM,1425,081020_1425,38.305171,-123.077604,1,18,081020_18
8/10/2020,081020,1:25:00 PM,1426,081020_1426,38.30679,-123.078649,1,19,081020_19
8/10/2020,081020,1:31:16 PM,1427,081020_1427,38.304766,-123.07664,1,20,081020_20
8/10/2020,081020,1:41:26 PM,1428,081020_1428,38.306536,-123.077723,1,21,081020_21
8/10/2020,081020,2:10:16 PM,1429,081020_1429,38.278451,-123.046716,1,22,081020_22
8/10/2020,081020,2:18:01 PM,1430,081020_1430,38.280229,-123.046922,1,23,081020_23
8/10/2020,081020,2:22:42 PM,1431,081020_1431,38.275918,-123.047868,1,24,081020_24
8/10/2020,081020,2:26:50 PM,1432,081020_1432,38.276932,-123.048086,1,25,081020_25
8/10/2020,081020,2:37:58 PM,1433,081020_1433,38.279622,-123.048359,1,26,081020_26
8/10/2020,081020,2:45:58 PM,1434,081020_1434,38.276086,-123.049247,1,27,081020_27
8/10/2020,081020,2:49:17 PM,1435,081020_1435,38.276712,-123.049362,1,28,081020_28
8/10/2020,081020,2:57:00 PM,1436,081020_1436,38.278368,-123.049536,1,29,081020_29
8/10/2020,081020,2:58:15 PM,1437,081020_1437,38.278676,-123.04964,1,30,081020_30
8/10/2020,081020,3:02:01 PM,1438,081020_1438,38.276055,-123.049363,1,31,081020_31
8/10/2020,081020,3:05:07 PM,1439,081020_1439,38.276693,-123.049334,1,32,081020_32
8/10/2020,081020,3:18:47 PM,1440,081020_1440,38.278089,-123.032447,1,33,081020_33
8/10/2020,081020,3:32:57 PM,1441,081020_1441,38.280801,-123.032397,1,34,081020_34
8/10/2020,081020,3:38:56 PM,1442,081020_1442,38.278132,-123.030691,1,35,081020_35
8/10/2020,081020,3:46:31 PM,1443,081020_1443,38.279385,-123.030485,1,36,081020_36
8/10/2020,081020,3:51:12 PM,1444,081020_1444,38.280174,-123.0301,1,37,081020_37
8/10/2020,081020,4:09:40 PM,1445,081020_1445,38.279777,-123.029956,1,38,081020_38
8/10/2020,081020,4:09:45 PM,1446,081020_1446,38.279784,-123.029947,1,39,081020_39
8/11/2020,081120,8:41:51 AM,1447,081120_1447,38.613758,-123.380261,1,1,081120_1
8/11/2020,081120,8:47:07 AM,1448,081120_1448,38.6145,-123.381094,1,2,081120_2
8/11/2020,081120,8:49:32 AM,1449,081120_1449,38.613297,-123.379751,1,3,081120_3
8/11/2020,081120,8:55:53 AM,1450,081120_1450,38.613977,-123.38051,1,4,081120_4
8/11/2020,081120,9:03:41 AM,1451,081120_1451,38.614785,-123.381304,1,5,081120_5
8/11/2020,081120,9:03:47 AM,1452,081120_1452,38.614797,-123.38131,1,6,081120_6
8/11/2020,081120,9:10:48 AM,1453,081120_1453,38.613334,-123.380163,1,7,081120_7
8/11/2020,081120,9:16:30 AM,1454,081120_1454,38.613798,-123.380874,1,8,081120_8
8/11/2020,081120,9:22:58 AM,1455,081120_1455,38.610818,-123.379044,1,9,081120_9
8/11/2020,081120,9:28:17 AM,1456,081120_1456,38.611641,-123.379298,1,10,081120_10
8/11/2020,081120,9:36:29 AM,1457,081120_1457,38.610941,-123.379278,1,11,081120_11
8/11/2020,081120,9:41:35 AM,1458,081120_1458,38.611534,-123.379884,1,12,081120_12
8/11/2020,081120,9:44:37 AM,1459,081120_1459,38.611991,-123.380246,1,13,081120_13
8/11/2020,081120,9:45:48 AM,1460,081120_1460,38.612134,-123.380367,1,14,081120_14
8/11/2020,081120,9:57:16 AM,1461,081120_1461,38.614647,-123.378121,1,15,081120_15
8/11/2020,081120,10:01:12 AM,1462,081120_1462,38.614909,-123.378335,1,16,081120_16
8/11/2020,081120,10:17:03 AM,1463,081120_1463,38.598358,-123.371073,1,17,081120_17
8/11/2020,081120,10:19:31 AM,1464,081120_1464,38.598794,-123.371359,1,18,081120_18
8/11/2020,081120,10:25:26 AM,1465,081120_1465,38.600305,-123.37214,1,19,081120_19
8/11/2020,081120,10:26:32 AM,1466,081120_1466,38.600516,-123.372343,1,20,081120_20
8/11/2020,081120,10:33:10 AM,1467,081120_1467,38.599048,-123.371281,1,21,081120_21
8/11/2020,081120,10:36:38 AM,1468,081120_1468,38.599676,-123.372005,1,22,081120_22
8/11/2020,081120,10:39:08 AM,1469,081120_1469,38.600194,-123.372549,1,23,081120_23
8/11/2020,081120,10:50:34 AM,1470,081120_1470,38.598533,-123.369514,1,24,081120_24
8/11/2020,081120,10:57:59 AM,1471,081120_1471,38.600208,-123.371083,1,25,081120_25
8/11/2020,081120,10:58:39 AM,1472,081120_1472,38.6004,-123.371187,1,26,081120_26
8/11/2020,081120,11:05:49 AM,1473,081120_1473,38.599364,-123.37058,1,27,081120_27
8/11/2020,081120,11:11:15 AM,1474,081120_1474,38.600561,-123.371768,1,28,081120_28
8/11/2020,081120,11:13:38 AM,1475,081120_1475,38.60116,-123.372115,1,29,081120_29
8/11/2020,081120,11:23:53 AM,1476,081120_1476,38.601621,-123.36824,1,30,081120_30
8/11/2020,081120,11:25:40 AM,1477,081120_1477,38.602002,-123.368495,1,31,081120_31
8/11/2020,081120,11:26:42 AM,1478,081120_1478,38.602185,-123.368647,1,32,081120_32
8/11/2020,081120,11:33:15 AM,1479,081120_1479,38.601234,-123.368233,1,33,081120_33
8/11/2020,081120,11:35:36 AM,1480,081120_1480,38.601638,-123.36869,1,34,081120_34
8/11/2020,081120,11:38:24 AM,1481,081120_1481,38.602185,-123.369097,1,35,081120_35
8/11/2020,081120,11:39:29 AM,1482,081120_1482,38.602381,-123.369219,1,36,081120_36
8/11/2020,081120,11:45:57 AM,1483,081120_1483,38.599306,-123.368845,1,37,081120_37
8/11/2020,081120,11:49:02 AM,1484,081120_1484,38.599975,-123.36941,1,38,081120_38
8/11/2020,081120,12:23:28 PM,1485,081120_1485,38.533656,-123.294261,1,39,081120_39
8/11/2020,081120,12:31:23 PM,1486,081120_1486,38.534872,-123.29545,1,40,081120_40
8/11/2020,081120,12:35:46 PM,1487,081120_1487,38.533279,-123.293365,1,41,081120_41
8/11/2020,081120,12:42:31 PM,1488,081120_1488,38.53435,-123.294717,1,42,081120_42
8/11/2020,081120,12:48:00 PM,1489,081120_1489,38.535158,-123.295651,1,43,081120_43
8/11/2020,081120,12:51:45 PM,1490,081120_1490,38.535274,-123.295829,1,44,081120_44
8/11/2020,081120,12:54:15 PM,1491,081120_1491,38.535653,-123.296378,1,45,081120_45
8/11/2020,081120,12:55:25 PM,1492,081120_1492,38.535824,-123.296592,1,46,081120_46
8/11/2020,081120,1:01:49 PM,1493,081120_1493,38.536027,-123.292808,1,47,081120_47
8/11/2020,081120,1:11:42 PM,1494,081120_1494,38.537079,-123.293892,1,48,081120_48
8/11/2020,081120,1:16:54 PM,1495,081120_1495,38.537582,-123.295535,1,49,081120_49
8/11/2020,081120,1:24:56 PM,1496,081120_1496,38.537509,-123.292774,1,50,081120_50
8/11/2020,081120,1:26:56 PM,1497,081120_1497,38.537716,-123.292848,1,51,081120_51
8/12/2020,081220,8:35:14 AM,1498,081220_1498,38.638745,-123.403982,1,1,081220_1
8/12/2020,081220,8:40:32 AM,1499,081220_1499,38.638668,-123.404174,1,2,081220_2
8/12/2020,081220,8:46:12 AM,1500,081220_1500,38.638803,-123.404292,1,3,081220_3
8/12/2020,081220,8:51:31 AM,1501,081220_1501,38.63887,-123.404417,1,4,081220_4
8/12/2020,081220,8:54:27 AM,1502,081220_1502,38.638796,-123.404391,1,5,081220_5
8/12/2020,081220,8:56:22 AM,1503,081220_1503,38.638895,-123.404293,1,6,081220_6
8/12/2020,081220,8:59:40 AM,1504,081220_1504,38.638898,-123.404282,1,7,081220_7
8/12/2020,081220,9:01:46 AM,1505,081220_1505,38.63889,-123.40421,1,8,081220_8
8/12/2020,081220,9:06:56 AM,1506,081220_1506,38.638882,-123.404201,1,9,081220_9
8/12/2020,081220,9:20:15 AM,1507,081220_1507,38.639749,-123.403945,1,10,081220_10
8/12/2020,081220,9:27:29 AM,1508,081220_1508,38.639753,-123.403605,1,11,081220_11
8/12/2020,081220,9:29:43 AM,1509,081220_1509,38.639648,-123.403516,1,12,081220_12
8/12/2020,081220,9:31:06 AM,1510,081220_1510,38.639648,-123.403455,1,13,081220_13
8/12/2020,081220,9:36:08 AM,1511,081220_1511,38.639423,-123.403216,1,14,081220_14
8/12/2020,081220,9:50:29 AM,1512,081220_1512,38.640122,-123.407002,1,15,081220_15
8/12/2020,081220,9:53:22 AM,1513,081220_1513,38.640296,-123.406914,1,16,081220_16
8/12/2020,081220,10:44:36 AM,1514,081220_1514,38.52406,-123.274039,1,17,081220_17
8/12/2020,081220,10:46:20 AM,1515,081220_1515,38.52429,-123.273961,1,18,081220_18
8/12/2020,081220,10:49:11 AM,1516,081220_1516,38.524578,-123.273822,1,19,081220_19
8/12/2020,081220,10:58:47 AM,1517,081220_1517,38.525396,-123.273326,1,20,081220_20
8/12/2020,081220,11:02:36 AM,1518,081220_1518,38.523379,-123.274248,1,21,081220_21
8/12/2020,081220,11:15:16 AM,1519,081220_1519,38.524668,-123.273841,1,22,081220_22
8/12/2020,081220,11:19:12 AM,1520,081220_1520,38.523456,-123.274349,1,23,081220_23
8/12/2020,081220,11:24:42 AM,1521,081220_1521,38.524076,-123.274182,1,24,081220_24
8/12/2020,081220,11:30:45 AM,1522,081220_1522,38.524765,-123.274022,1,25,081220_25
8/12/2020,081220,11:38:27 AM,1523,081220_1523,38.52468,-123.275113,1,26,081220_26
8/12/2020,081220,11:46:48 AM,1524,081220_1524,38.521842,-123.275787,1,27,081220_27
8/12/2020,081220,12:27:50 PM,1525,081220_1525,38.484098,-123.216975,1,28,081220_28
8/12/2020,081220,12:39:38 PM,1526,081220_1526,38.484755,-123.216243,1,29,081220_29
8/12/2020,081220,12:52:07 PM,1527,081220_1527,38.479124,-123.223294,1,30,081220_30
8/12/2020,081220,12:59:51 PM,1528,081220_1528,38.482041,-123.219399,1,31,081220_31
8/12/2020,081220,1:06:06 PM,1529,081220_1529,38.482199,-123.21868,1,32,081220_32
8/12/2020,081220,1:11:24 PM,1530,081220_1530,38.482419,-123.218097,1,33,081220_33
8/12/2020,081220,1:14:25 PM,1531,081220_1531,38.482556,-123.217722,1,34,081220_34
8/12/2020,081220,1:15:48 PM,1532,081220_1532,38.48263,-123.217564,1,35,081220_35
8/12/2020,081220,1:21:30 PM,1533,081220_1533,38.482047,-123.219585,1,36,081220_36
8/12/2020,081220,1:30:54 PM,1534,081220_1534,38.482326,-123.218293,1,37,081220_37
8/12/2020,081220,1:35:59 PM,1535,081220_1535,38.482047,-123.219412,1,38,081220_38
8/12/2020,081220,1:43:43 PM,1536,081220_1536,38.482297,-123.218281,1,39,081220_39
8/13/2020,081320,7:02:06 AM,1537,081320_1537,38.338971,-123.092808,1,1,081320_1
8/13/2020,081320,7:07:49 AM,1538,081320_1538,38.337777,-123.092381,1,2,081320_2
8/13/2020,081320,7:13:52 AM,1539,081320_1539,38.338309,-123.092063,1,3,081320_3
8/13/2020,081320,7:14:57 AM,1540,081320_1540,38.338417,-123.09194,1,4,081320_4
8/13/2020,081320,7:18:34 AM,1541,081320_1541,38.337898,-123.092693,1,5,081320_5
8/13/2020,081320,7:32:16 AM,1542,081320_1542,38.338884,-123.092125,1,6,081320_6
8/13/2020,081320,7:34:04 AM,1543,081320_1543,38.339037,-123.092052,1,7,081320_7
8/13/2020,081320,7:46:56 AM,1544,081320_1544,38.338452,-123.091525,1,8,081320_8
8/13/2020,081320,7:50:36 AM,1545,081320_1545,38.337776,-123.092004,1,9,081320_9
8/13/2020,081320,8:02:53 AM,1546,081320_1546,38.337792,-123.092157,1,10,081320_10
8/13/2020,081320,8:02:56 AM,1547,081320_1547,38.337795,-123.092177,1,11,081320_11
8/13/2020,081320,8:05:09 AM,1548,081320_1548,38.338016,-123.091927,1,12,081320_12
8/13/2020,081320,8:13:16 AM,1549,081320_1549,38.339003,-123.083538,1,13,081320_13
8/13/2020,081320,8:22:29 AM,1550,081320_1550,38.339922,-123.082133,1,14,081320_14
8/13/2020,081320,8:22:30 AM,1551,081320_1551,38.339918,-123.082133,1,15,081320_15
8/13/2020,081320,8:27:59 AM,1552,081320_1552,38.338822,-123.083676,1,16,081320_16
8/13/2020,081320,8:37:06 AM,1553,081320_1553,38.339506,-123.082749,1,17,081320_17
8/13/2020,081320,8:43:04 AM,1554,081320_1554,38.339754,-123.082768,1,18,081320_18
8/13/2020,081320,8:57:29 AM,1555,081320_1555,38.338049,-123.083217,1,19,081320_19
8/13/2020,081320,9:10:44 AM,1556,081320_1556,38.339393,-123.081057,1,20,081320_20
8/13/2020,081320,9:16:01 AM,1557,081320_1557,38.339836,-123.084458,1,21,081320_21
8/13/2020,081320,9:19:06 AM,1558,081320_1558,38.339776,-123.084301,1,22,081320_22
8/13/2020,081320,9:24:25 AM,1559,081320_1559,38.339982,-123.083711,1,23,081320_23
8/13/2020,081320,9:30:56 AM,1560,081320_1560,38.339709,-123.083949,1,24,081320_24
8/13/2020,081320,9:35:00 AM,1561,081320_1561,38.339778,-123.083256,1,25,081320_25
8/13/2020,081320,10:31:19 AM,1562,081320_1562,38.312238,-123.084465,1,26,081320_26
8/13/2020,081320,10:43:39 AM,1563,081320_1563,38.312352,-123.084095,1,27,081320_27
8/13/2020,081320,10:47:51 AM,1564,081320_1564,38.312677,-123.084265,1,28,081320_28
8/13/2020,081320,10:50:21 AM,1565,081320_1565,38.31275,-123.084076,1,29,081320_29
8/13/2020,081320,10:53:33 AM,1566,081320_1566,38.312627,-123.08404,1,30,081320_30
8/13/2020,081320,10:59:26 AM,1567,081320_1567,38.312582,-123.083813,1,31,081320_31
8/13/2020,081320,11:06:40 AM,1568,081320_1568,38.312159,-123.082644,1,32,081320_32
8/13/2020,081320,11:17:06 AM,1569,081320_1569,38.312277,-123.08256,1,33,081320_33
8/13/2020,081320,11:21:57 AM,1570,081320_1570,38.312281,-123.082456,1,34,081320_34
8/13/2020,081320,11:21:57 AM,1571,081320_1571,38.312281,-123.082456,1,35,081320_35
8/13/2020,081320,11:25:51 AM,1572,081320_1572,38.312145,-123.082672,1,36,081320_36
8/13/2020,081320,11:34:19 AM,1573,081320_1573,38.312281,-123.082482,1,37,081320_37
8/13/2020,081320,11:53:58 AM,1574,081320_1574,38.28176,-123.047599,1,38,081320_38
8/13/2020,081320,11:55:15 AM,1575,081320_1575,38.28181,-123.047524,1,39,081320_39
8/13/2020,081320,12:08:58 PM,1576,081320_1576,38.281386,-123.047286,1,40,081320_40
8/13/2020,081320,12:12:30 PM,1577,081320_1577,38.284101,-123.050262,1,41,081320_41
8/13/2020,081320,12:28:16 PM,1578,081320_1578,38.283767,-123.049365,1,42,081320_42
8/13/2020,081320,12:38:40 PM,1579,081320_1579,38.282581,-123.050551,1,43,081320_43
8/13/2020,081320,12:47:00 PM,1580,081320_1580,38.28223,-123.050454,1,44,081320_44
8/14/2020,081420,8:47:34 AM,1581,081420_1581,38.643237,-123.40919,1,1,081420_1
8/14/2020,081420,8:52:14 AM,1582,081420_1582,38.6436,-123.40888,1,2,081420_2
8/14/2020,081420,8:58:23 AM,1583,081420_1583,38.643959,-123.40847,1,3,081420_3
8/14/2020,081420,9:01:40 AM,1584,081420_1584,38.644107,-123.408342,1,4,081420_4
8/14/2020,081420,9:02:42 AM,1585,081420_1585,38.644174,-123.408319,1,5,081420_5
8/14/2020,081420,9:08:09 AM,1586,081420_1586,38.6443,-123.408622,1,6,081420_6
8/14/2020,081420,9:14:29 AM,1587,081420_1587,38.644364,-123.408266,1,7,081420_7
8/14/2020,081420,9:23:00 AM,1588,081420_1588,38.644475,-123.408373,1,8,081420_8
8/14/2020,081420,9:27:23 AM,1589,081420_1589,38.644419,-123.408272,1,9,081420_9
8/14/2020,081420,9:29:06 AM,1590,081420_1590,38.644513,-123.408225,1,10,081420_10
8/14/2020,081420,9:56:55 AM,1591,081420_1591,38.644138,-123.408405,1,11,081420_11
8/14/2020,081420,10:04:24 AM,1592,081420_1592,38.644345,-123.408234,1,12,081420_12
8/14/2020,081420,10:05:43 AM,1593,081420_1593,38.6444,-123.408191,1,13,081420_13
8/14/2020,081420,10:37:49 AM,1594,081420_1594,38.644736,-123.408308,1,14,081420_14
8/14/2020,081420,10:43:10 AM,1595,081420_1595,38.644789,-123.40819,1,15,081420_15
8/14/2020,081420,10:45:54 AM,1596,081420_1596,38.644848,-123.408096,1,16,081420_16
8/14/2020,081420,11:04:11 AM,1597,081420_1597,38.62384,-123.386787,1,17,081420_17
8/14/2020,081420,11:17:12 AM,1598,081420_1598,38.623236,-123.386096,1,18,081420_18
8/14/2020,081420,11:19:36 AM,1599,081420_1599,38.623173,-123.386001,1,19,081420_19
8/14/2020,081420,11:25:36 AM,1600,081420_1600,38.624833,-123.387697,1,20,081420_20
8/14/2020,081420,11:31:04 AM,1601,081420_1601,38.624784,-123.387615,1,21,081420_21
8/14/2020,081420,11:40:53 AM,1602,081420_1602,38.624402,-123.387352,1,22,081420_22
8/14/2020,081420,11:48:11 AM,1603,081420_1603,38.624123,-123.386893,1,23,081420_23
8/14/2020,081420,11:53:21 AM,1604,081420_1604,38.624009,-123.386245,1,24,081420_24
8/14/2020,081420,12:00:15 PM,1605,081420_1605,38.62402,-123.385399,1,25,081420_25
8/14/2020,081420,12:03:37 PM,1606,081420_1606,38.624043,-123.385133,1,26,081420_26
8/14/2020,081420,12:31:00 PM,1607,081420_1607,38.568088,-123.343874,1,27,081420_27
8/14/2020,081420,12:52:39 PM,1608,081420_1608,38.543915,-123.303059,1,28,081420_28
8/14/2020,081420,12:58:05 PM,1609,081420_1609,38.543751,-123.302547,1,29,081420_29
8/14/2020,081420,1:03:31 PM,1610,081420_1610,38.543644,-123.302037,1,30,081420_30
8/14/2020,081420,1:12:46 PM,1611,081420_1611,38.544134,-123.302938,1,31,081420_31
8/14/2020,081420,1:12:53 PM,1612,081420_1612,38.544144,-123.302919,1,32,081420_32
8/14/2020,081420,1:21:01 PM,1613,081420_1613,38.544024,-123.303127,1,33,081420_33
8/14/2020,081420,1:25:46 PM,1614,081420_1614,38.544087,-123.302633,1,34,081420_34
8/14/2020,081420,1:35:59 PM,1615,081420_1615,38.544187,-123.30128,1,35,081420_35
8/14/2020,081420,1:38:24 PM,1616,081420_1616,38.544429,-123.303011,1,36,081420_36
8/15/2020,081520,7:15:46 AM,1617,081520_1617,38.356356,-123.09611,1,1,081520_1
8/15/2020,081520,7:15:47 AM,1618,081520_1618,38.356363,-123.096121,1,2,081520_2
8/15/2020,081520,7:21:23 AM,1619,081520_1619,38.354,-123.09382,1,3,081520_3
8/15/2020,081520,7:27:35 AM,1620,081520_1620,38.354961,-123.093806,1,4,081520_4
8/15/2020,081520,7:30:50 AM,1621,081520_1621,38.35406,-123.093667,1,5,081520_5
8/15/2020,081520,7:42:04 AM,1622,081520_1622,38.355278,-123.094067,1,6,081520_6
8/15/2020,081520,7:47:11 AM,1623,081520_1623,38.353722,-123.093815,1,7,081520_7
8/15/2020,081520,8:02:21 AM,1624,081520_1624,38.355464,-123.093683,1,8,081520_8
8/15/2020,081520,8:05:37 AM,1625,081520_1625,38.353181,-123.094478,1,9,081520_9
8/15/2020,081520,8:10:21 AM,1626,081520_1626,38.353667,-123.094044,1,10,081520_10
8/15/2020,081520,8:17:14 AM,1627,081520_1627,38.353889,-123.092823,1,11,081520_11
8/15/2020,081520,8:21:34 AM,1628,081520_1628,38.354346,-123.093177,1,12,081520_12
8/15/2020,081520,8:42:32 AM,1629,081520_1629,38.322596,-123.089458,1,13,081520_13
8/15/2020,081520,8:47:36 AM,1630,081520_1630,38.323565,-123.089774,1,14,081520_14
8/15/2020,081520,8:54:48 AM,1631,081520_1631,38.322145,-123.089084,1,15,081520_15
8/15/2020,081520,9:03:59 AM,1632,081520_1632,38.323682,-123.089996,1,16,081520_16
8/15/2020,081520,9:11:50 AM,1633,081520_1633,38.322388,-123.089436,1,17,081520_17
8/15/2020,081520,9:17:21 AM,1634,081520_1634,38.323248,-123.089558,1,18,081520_18
8/15/2020,081520,9:19:27 AM,1635,081520_1635,38.323631,-123.089722,1,19,081520_19
8/15/2020,081520,9:25:13 AM,1636,081520_1636,38.320795,-123.089009,1,20,081520_20
8/15/2020,081520,9:35:07 AM,1637,081520_1637,38.321788,-123.08978,1,21,081520_21
8/15/2020,081520,9:41:32 AM,1638,081520_1638,38.320922,-123.088786,1,22,081520_22
8/15/2020,081520,9:45:17 AM,1639,081520_1639,38.321432,-123.089061,1,23,081520_23
8/15/2020,081520,9:49:02 AM,1640,081520_1640,38.320912,-123.088955,1,24,081520_24
8/15/2020,081520,9:53:24 AM,1641,081520_1641,38.321465,-123.089356,1,25,081520_25
8/15/2020,081520,9:57:50 AM,1642,081520_1642,38.322019,-123.089361,1,26,081520_26
8/15/2020,081520,10:00:52 AM,1643,081520_1643,38.322466,-123.089519,1,27,081520_27
8/15/2020,081520,10:37:36 AM,1644,081520_1644,38.304982,-123.070105,1,28,081520_28
8/15/2020,081520,10:52:07 AM,1645,081520_1645,38.306603,-123.07108,1,29,081520_29
8/15/2020,081520,10:55:44 AM,1646,081520_1646,38.304229,-123.073227,1,30,081520_30
8/15/2020,081520,11:03:31 AM,1647,081520_1647,38.305131,-123.074385,1,31,081520_31
8/15/2020,081520,11:04:46 AM,1648,081520_1648,38.305291,-123.074512,1,32,081520_32
8/15/2020,081520,11:08:27 AM,1649,081520_1649,38.306283,-123.073561,1,33,081520_33
8/15/2020,081520,11:14:30 AM,1650,081520_1650,38.307084,-123.074026,1,34,081520_34
8/15/2020,081520,11:15:16 AM,1651,081520_1651,38.307198,-123.07408,1,35,081520_35
8/15/2020,081520,11:17:44 AM,1652,081520_1652,38.306066,-123.073719,1,36,081520_36
8/15/2020,081520,11:28:27 AM,1653,081520_1653,38.30719,-123.074072,1,37,081520_37
8/15/2020,081520,11:32:21 AM,1654,081520_1654,38.305077,-123.072641,1,38,081520_38
8/15/2020,081520,11:35:48 AM,1655,081520_1655,38.305223,-123.072994,1,39,081520_39
8/15/2020,081520,11:49:09 AM,1656,081520_1656,38.283665,-123.038498,1,40,081520_40
8/15/2020,081520,11:53:26 AM,1657,081520_1657,38.283963,-123.038947,1,41,081520_41
8/15/2020,081520,11:58:20 AM,1658,081520_1658,38.283978,-123.038338,1,42,081520_42
8/15/2020,081520,12:04:02 PM,1659,081520_1659,38.284063,-123.038537,1,43,081520_43
8/15/2020,081520,12:08:19 PM,1660,081520_1660,38.283255,-123.037464,1,44,081520_44
8/15/2020,081520,12:11:38 PM,1661,081520_1661,38.283443,-123.037288,1,45,081520_45
8/15/2020,081520,12:13:36 PM,1662,081520_1662,38.283812,-123.03575,1,46,081520_46
8/15/2020,081520,12:19:17 PM,1663,081520_1663,38.283901,-123.035841,1,47,081520_47
8/15/2020,081520,12:28:35 PM,1664,081520_1664,38.28443,-123.036074,1,48,081520_48
8/15/2020,081520,12:35:37 PM,1665,081520_1665,38.285089,-123.036937,1,49,081520_49
8/15/2020,081520,12:53:54 PM,1666,081520_1666,38.28517,-123.036684,1,50,081520_50
9/7/2020,090720,11:40:05 AM,1667,090720_1667,38.305447,-123.05534,1,1,090720_1
9/7/2020,090720,11:47:03 AM,1668,090720_1668,38.34453,-123.097765,1,2,090720_2
9/7/2020,090720,12:10:08 PM,1669,090720_1669,38.344622,-123.097857,1,3,090720_3
9/7/2020,090720,12:15:38 PM,1670,090720_1670,38.344253,-123.097211,1,4,090720_4
9/7/2020,090720,12:23:38 PM,1671,090720_1671,38.344798,-123.097739,1,5,090720_5
9/7/2020,090720,12:26:24 PM,1672,090720_1672,38.344525,-123.097561,1,6,090720_6
9/7/2020,090720,12:28:16 PM,1673,090720_1673,38.344347,-123.097572,1,7,090720_7
9/7/2020,090720,12:30:08 PM,1674,090720_1674,38.344635,-123.097769,1,8,090720_8
9/7/2020,090720,12:33:13 PM,1675,090720_1675,38.344211,-123.097555,1,9,090720_9
9/7/2020,090720,12:41:12 PM,1676,090720_1676,38.344579,-123.09795,1,10,090720_10
9/7/2020,090720,12:46:44 PM,1677,090720_1677,38.344655,-123.097098,1,11,090720_11
9/7/2020,090720,12:52:36 PM,1678,090720_1678,38.344611,-123.097919,1,12,090720_12
9/7/2020,090720,12:56:31 PM,1679,090720_1679,38.344659,-123.097415,1,13,090720_13
9/7/2020,090720,1:01:58 PM,1680,090720_1680,38.344738,-123.097659,1,14,090720_14
9/7/2020,090720,1:14:03 PM,1681,090720_1681,38.344527,-123.097771,1,15,090720_15
9/7/2020,090720,1:14:13 PM,1682,090720_1682,38.344497,-123.097783,1,16,090720_16
9/7/2020,090720,1:14:16 PM,1683,090720_1683,38.344487,-123.097774,1,17,090720_17
9/7/2020,090720,1:18:15 PM,1684,090720_1684,38.344509,-123.097211,1,18,090720_18
9/7/2020,090720,1:24:39 PM,1685,090720_1685,38.344621,-123.097779,1,19,090720_19
9/7/2020,090720,1:26:33 PM,1686,090720_1686,38.344484,-123.097151,1,20,090720_20
9/7/2020,090720,1:32:49 PM,1687,090720_1687,38.344409,-123.097787,1,21,090720_21
9/7/2020,090720,1:37:13 PM,1688,090720_1688,38.344441,-123.097547,1,22,090720_22
9/7/2020,090720,1:58:37 PM,1689,090720_1689,38.339124,-123.093173,1,23,090720_23
9/7/2020,090720,2:02:45 PM,1690,090720_1690,38.339115,-123.092641,1,24,090720_24
9/7/2020,090720,2:05:16 PM,1691,090720_1691,38.339017,-123.092369,1,25,090720_25
9/7/2020,090720,2:12:00 PM,1692,090720_1692,38.33872,-123.091606,1,26,090720_26
9/7/2020,090720,2:13:14 PM,1693,090720_1693,38.338641,-123.091459,1,27,090720_27
9/7/2020,090720,2:21:21 PM,1694,090720_1694,38.338843,-123.092051,1,28,090720_28
9/7/2020,090720,2:35:08 PM,1695,090720_1695,38.337786,-123.091171,1,29,090720_29
9/7/2020,090720,2:37:09 PM,1696,090720_1696,38.337569,-123.091017,1,30,090720_30
9/7/2020,090720,2:42:15 PM,1697,090720_1697,38.339154,-123.09177,1,31,090720_31
9/7/2020,090720,2:53:58 PM,1698,090720_1698,38.33802,-123.090914,1,32,090720_32
9/7/2020,090720,2:58:02 PM,1699,090720_1699,38.337822,-123.09049,1,33,090720_33
9/7/2020,090720,3:13:36 PM,1700,090720_1700,38.326927,-123.090492,1,34,090720_34
9/7/2020,090720,3:21:05 PM,1701,090720_1701,38.326432,-123.090005,1,35,090720_35
9/7/2020,090720,3:27:38 PM,1702,090720_1702,38.325803,-123.089662,1,36,090720_36
9/7/2020,090720,3:34:49 PM,1703,090720_1703,38.326363,-123.090129,1,37,090720_37
9/7/2020,090720,3:41:04 PM,1704,090720_1704,38.325931,-123.089467,1,38,090720_38
9/7/2020,090720,3:46:52 PM,1705,090720_1705,38.326091,-123.089049,1,39,090720_39
9/7/2020,090720,3:49:39 PM,1706,090720_1706,38.326104,-123.088584,1,40,090720_40
9/7/2020,090720,3:54:39 PM,1707,090720_1707,38.326091,-123.087929,1,41,090720_41
9/7/2020,090720,3:58:55 PM,1708,090720_1708,38.32646,-123.09029,1,42,090720_42
9/7/2020,090720,4:04:23 PM,1709,090720_1709,38.326356,-123.089604,1,43,090720_43
9/7/2020,090720,4:10:22 PM,1710,090720_1710,38.325961,-123.089117,1,44,090720_44
9/7/2020,090720,4:13:18 PM,1711,090720_1711,38.325787,-123.088971,1,45,090720_45
9/8/2020,090820,7:10:27 AM,1712,090820_1712,38.284414,-123.040151,1,1,090820_1
9/8/2020,090820,7:16:52 AM,1713,090820_1713,38.284226,-123.039546,1,2,090820_2
9/8/2020,090820,7:18:48 AM,1714,090820_1714,38.284462,-123.040126,1,3,090820_3
9/8/2020,090820,7:26:45 AM,1715,090820_1715,38.283614,-123.039421,1,4,090820_4
9/8/2020,090820,7:28:23 AM,1716,090820_1716,38.284635,-123.040001,1,5,090820_5
9/8/2020,090820,7:33:42 AM,1717,090820_1717,38.284496,-123.039964,1,6,090820_6
9/8/2020,090820,7:39:00 AM,1718,090820_1718,38.284554,-123.039763,1,7,090820_7
9/8/2020,090820,7:42:39 AM,1719,090820_1719,38.284476,-123.039475,1,8,090820_8
9/8/2020,090820,7:48:52 AM,1720,090820_1720,38.28423,-123.039325,1,9,090820_9
9/8/2020,090820,7:57:55 AM,1721,090820_1721,38.28408,-123.038295,1,10,090820_10
9/8/2020,090820,8:01:13 AM,1722,090820_1722,38.283928,-123.035878,1,11,090820_11
9/8/2020,090820,8:06:13 AM,1723,090820_1723,38.28382,-123.035707,1,12,090820_12
9/8/2020,090820,8:25:09 AM,1724,090820_1724,38.307121,-123.072132,1,13,090820_13
9/8/2020,090820,8:30:27 AM,1725,090820_1725,38.306457,-123.071093,1,14,090820_14
9/8/2020,090820,8:40:26 AM,1726,090820_1726,38.30631,-123.069819,1,15,090820_15
9/8/2020,090820,8:44:25 AM,1727,090820_1727,38.307592,-123.070644,1,16,090820_16
9/8/2020,090820,8:48:14 AM,1728,090820_1728,38.307453,-123.069879,1,17,090820_17
9/8/2020,090820,8:51:00 AM,1729,090820_1729,38.30764,-123.069567,1,18,090820_18
9/8/2020,090820,8:52:34 AM,1730,090820_1730,38.307731,-123.070374,1,19,090820_19
9/8/2020,090820,8:57:32 AM,1731,090820_1731,38.307766,-123.069781,1,20,090820_20
9/8/2020,090820,9:01:44 AM,1732,090820_1732,38.3073,-123.070292,1,21,090820_21
9/8/2020,090820,9:04:58 AM,1733,090820_1733,38.306948,-123.070026,1,22,090820_22
9/8/2020,090820,9:17:14 AM,1734,090820_1734,38.305896,-123.069296,1,23,090820_23
9/8/2020,090820,9:41:52 AM,1735,090820_1735,38.317964,-123.088915,1,24,090820_24
9/8/2020,090820,9:47:44 AM,1736,090820_1736,38.323171,-123.089513,1,25,090820_25
9/8/2020,090820,9:52:48 AM,1737,090820_1737,38.323213,-123.089244,1,26,090820_26
9/8/2020,090820,9:58:18 AM,1738,090820_1738,38.322584,-123.08893,1,27,090820_27
9/8/2020,090820,10:02:35 AM,1739,090820_1739,38.322318,-123.089166,1,28,090820_28
9/8/2020,090820,10:10:04 AM,1740,090820_1740,38.32215,-123.088531,1,29,090820_29
9/8/2020,090820,10:14:02 AM,1741,090820_1741,38.32232,-123.089107,1,30,090820_30
9/8/2020,090820,10:42:55 AM,1742,090820_1742,38.322766,-123.088574,1,31,090820_31
9/8/2020,090820,10:45:47 AM,1743,090820_1743,38.322857,-123.08841,1,32,090820_32
9/8/2020,090820,10:57:09 AM,1744,090820_1744,38.322247,-123.089279,1,33,090820_33
9/8/2020,090820,10:57:22 AM,1745,090820_1745,38.322242,-123.089273,1,34,090820_34
9/8/2020,090820,11:11:27 AM,1746,090820_1746,38.321681,-123.088147,1,35,090820_35
9/8/2020,090820,11:27:39 AM,1747,090820_1747,38.322186,-123.089123,1,36,090820_36
9/8/2020,090820,11:31:05 AM,1748,090820_1748,38.322361,-123.088831,1,37,090820_37
9/8/2020,090820,11:46:00 AM,1749,090820_1749,38.354521,-123.09403,1,38,090820_38
9/8/2020,090820,11:59:58 AM,1750,090820_1750,38.354151,-123.093075,1,39,090820_39
9/8/2020,090820,12:03:23 PM,1751,090820_1751,38.354158,-123.093503,1,40,090820_40
9/8/2020,090820,12:05:20 PM,1752,090820_1752,38.354053,-123.093393,1,41,090820_41
9/8/2020,090820,12:07:35 PM,1753,090820_1753,38.354482,-123.094496,1,42,090820_42
9/8/2020,090820,12:20:40 PM,1754,090820_1754,38.354436,-123.093128,1,43,090820_43
9/8/2020,090820,12:25:58 PM,1755,090820_1755,38.353843,-123.093639,1,44,090820_44
9/8/2020,090820,12:32:01 PM,1756,090820_1756,38.353594,-123.093459,1,45,090820_45
9/8/2020,090820,12:41:45 PM,1757,090820_1757,38.354206,-123.093801,1,46,090820_46
9/8/2020,090820,12:47:29 PM,1758,090820_1758,38.354009,-123.092654,1,47,090820_47
9/8/2020,090820,12:50:04 PM,1759,090820_1759,38.353913,-123.092055,1,48,090820_48
9/9/2020,090920,9:02:33 AM,1760,090920_1760,38.644473,-123.408667,1,1,090920_1
9/9/2020,090920,9:06:40 AM,1761,090920_1761,38.645454,-123.408694,1,2,090920_2
9/9/2020,090920,9:10:25 AM,1762,090920_1762,38.64415,-123.408267,1,3,090920_3
9/9/2020,090920,9:19:01 AM,1763,090920_1763,38.646277,-123.409514,1,4,090920_4
9/9/2020,090920,9:23:45 AM,1764,090920_1764,38.644284,-123.407819,1,5,090920_5
9/9/2020,090920,9:32:11 AM,1765,090920_1765,38.646695,-123.408548,1,6,090920_6
9/9/2020,090920,9:39:17 AM,1766,090920_1766,38.643898,-123.405533,1,7,090920_7
9/9/2020,090920,9:40:56 AM,1767,090920_1767,38.64433,-123.405703,1,8,090920_8
9/9/2020,090920,9:49:30 AM,1768,090920_1768,38.646659,-123.407077,1,9,090920_9
9/9/2020,090920,9:57:05 AM,1769,090920_1769,38.642345,-123.40836,1,10,090920_10
9/9/2020,090920,10:03:50 AM,1770,090920_1770,38.644065,-123.409203,1,11,090920_11
9/9/2020,090920,10:16:13 AM,1771,090920_1771,38.644265,-123.407955,1,12,090920_12
9/9/2020,090920,10:18:24 AM,1772,090920_1772,38.644834,-123.408183,1,13,090920_13
9/9/2020,090920,10:36:27 AM,1773,090920_1773,38.638271,-123.403757,1,14,090920_14
9/9/2020,090920,10:40:37 AM,1774,090920_1774,38.639286,-123.404333,1,15,090920_15
9/9/2020,090920,10:44:23 AM,1775,090920_1775,38.640275,-123.404815,1,16,090920_16
9/9/2020,090920,10:45:20 AM,1776,090920_1776,38.640502,-123.404969,1,17,090920_17
9/9/2020,090920,10:49:58 AM,1777,090920_1777,38.639377,-123.40316,1,18,090920_18
9/9/2020,090920,10:51:36 AM,1778,090920_1778,38.63976,-123.403456,1,19,090920_19
9/9/2020,090920,10:58:45 AM,1779,090920_1779,38.641548,-123.404645,1,20,090920_20
9/9/2020,090920,11:02:17 AM,1780,090920_1780,38.638006,-123.404379,1,21,090920_21
9/9/2020,090920,11:13:05 AM,1781,090920_1781,38.641171,-123.405767,1,22,090920_22
9/9/2020,090920,11:14:41 AM,1782,090920_1782,38.641641,-123.405996,1,23,090920_23
9/9/2020,090920,11:20:29 AM,1783,090920_1783,38.638383,-123.40425,1,24,090920_24
9/9/2020,090920,11:35:23 AM,1784,090920_1784,38.638332,-123.404429,1,25,090920_25
9/9/2020,090920,11:37:22 AM,1785,090920_1785,38.638863,-123.404836,1,26,090920_26
9/9/2020,090920,11:45:35 AM,1786,090920_1786,38.641004,-123.406262,1,27,090920_27
9/9/2020,090920,11:53:18 AM,1787,090920_1787,38.639781,-123.406125,1,28,090920_28
9/9/2020,090920,12:56:49 PM,1788,090920_1788,38.524634,-123.275264,1,29,090920_29
9/9/2020,090920,12:57:01 PM,1789,090920_1789,38.524669,-123.275318,1,30,090920_30
9/9/2020,090920,1:05:13 PM,1790,090920_1790,38.523764,-123.274118,1,31,090920_31
9/9/2020,090920,1:12:40 PM,1791,090920_1791,38.52503,-123.275178,1,32,090920_32
9/9/2020,090920,1:16:45 PM,1792,090920_1792,38.521141,-123.273526,1,33,090920_33
9/9/2020,090920,1:18:43 PM,1793,090920_1793,38.521541,-123.273955,1,34,090920_34
9/9/2020,090920,1:28:10 PM,1794,090920_1794,38.523567,-123.275922,1,35,090920_35
9/9/2020,090920,1:31:41 PM,1795,090920_1795,38.52365,-123.276621,1,36,090920_36
9/9/2020,090920,1:34:06 PM,1796,090920_1796,38.521965,-123.272312,1,37,090920_37
9/9/2020,090920,1:41:25 PM,1797,090920_1797,38.523111,-123.27407,1,38,090920_38
9/9/2020,090920,1:41:27 PM,1798,090920_1798,38.52312,-123.274076,1,39,090920_39
9/9/2020,090920,1:49:52 PM,1799,090920_1799,38.52487,-123.275381,1,40,090920_40
9/10/2020,091020,8:47:26 AM,1800,091020_1800,38.652614,-123.413883,1,1,091020_1
9/10/2020,091020,8:54:56 AM,1801,091020_1801,38.653508,-123.415483,1,2,091020_2
9/10/2020,091020,8:56:55 AM,1802,091020_1802,38.653714,-123.415895,1,3,091020_3
9/10/2020,091020,9:00:45 AM,1803,091020_1803,38.651872,-123.412817,1,4,091020_4
9/10/2020,091020,9:08:07 AM,1804,091020_1804,38.652688,-123.41439,1,5,091020_5
9/10/2020,091020,9:09:10 AM,1805,091020_1805,38.652834,-123.414623,1,6,091020_6
9/10/2020,091020,9:14:22 AM,1806,091020_1806,38.652067,-123.41332,1,7,091020_7
9/10/2020,091020,9:20:45 AM,1807,091020_1807,38.652778,-123.414017,1,8,091020_8
9/10/2020,091020,9:23:41 AM,1808,091020_1808,38.653131,-123.414303,1,9,091020_9
9/10/2020,091020,9:28:43 AM,1809,091020_1809,38.65365,-123.412242,1,10,091020_10
9/10/2020,091020,9:31:22 AM,1810,091020_1810,38.653752,-123.412548,1,11,091020_11
9/10/2020,091020,9:34:44 AM,1811,091020_1811,38.654047,-123.413098,1,12,091020_12
9/10/2020,091020,9:35:24 AM,1812,091020_1812,38.654114,-123.413187,1,13,091020_13
9/10/2020,091020,9:38:16 AM,1813,091020_1813,38.654388,-123.413745,1,14,091020_14
9/10/2020,091020,9:43:59 AM,1814,091020_1814,38.651951,-123.413061,1,15,091020_15
9/10/2020,091020,9:47:40 AM,1815,091020_1815,38.652456,-123.413801,1,16,091020_16
9/10/2020,091020,9:52:18 AM,1816,091020_1816,38.652494,-123.414391,1,17,091020_17
9/10/2020,091020,9:58:37 AM,1817,091020_1817,38.653094,-123.415632,1,18,091020_18
9/10/2020,091020,10:07:40 AM,1818,091020_1818,38.651489,-123.412759,1,19,091020_19
9/10/2020,091020,10:12:24 AM,1819,091020_1819,38.65189,-123.413234,1,20,091020_20
9/10/2020,091020,10:32:31 AM,1820,091020_1820,38.62398,-123.386805,1,21,091020_21
9/10/2020,091020,10:36:20 AM,1821,091020_1821,38.624167,-123.387026,1,22,091020_22
9/10/2020,091020,10:36:46 AM,1822,091020_1822,38.624181,-123.387067,1,23,091020_23
9/10/2020,091020,10:40:18 AM,1823,091020_1823,38.624272,-123.387321,1,24,091020_24
9/10/2020,091020,10:42:51 AM,1824,091020_1824,38.624331,-123.387616,1,25,091020_25
9/10/2020,091020,10:45:14 AM,1825,091020_1825,38.624481,-123.38789,1,26,091020_26
9/10/2020,091020,10:54:29 AM,1826,091020_1826,38.624121,-123.385997,1,27,091020_27
9/10/2020,091020,11:00:31 AM,1827,091020_1827,38.624148,-123.386397,1,28,091020_28
9/10/2020,091020,11:01:42 AM,1828,091020_1828,38.624166,-123.386456,1,29,091020_29
9/10/2020,091020,11:06:00 AM,1829,091020_1829,38.62429,-123.386835,1,30,091020_30
9/10/2020,091020,11:11:53 AM,1830,091020_1830,38.624471,-123.387298,1,31,091020_31
9/10/2020,091020,11:16:35 AM,1831,091020_1831,38.624079,-123.386259,1,32,091020_32
9/10/2020,091020,11:29:17 AM,1832,091020_1832,38.623969,-123.386955,1,33,091020_33
9/10/2020,091020,11:31:48 AM,1833,091020_1833,38.623951,-123.38693,1,34,091020_34
9/10/2020,091020,11:36:35 AM,1834,091020_1834,38.624071,-123.387151,1,35,091020_35
9/10/2020,091020,11:41:08 AM,1835,091020_1835,38.624264,-123.386922,1,36,091020_36
9/10/2020,091020,12:32:08 PM,1836,091020_1836,38.509191,-123.256425,1,37,091020_37
9/10/2020,091020,12:38:02 PM,1837,091020_1837,38.509474,-123.257485,1,38,091020_38
9/10/2020,091020,12:44:46 PM,1838,091020_1838,38.507824,-123.254591,1,39,091020_39
9/10/2020,091020,12:49:31 PM,1839,091020_1839,38.508017,-123.255314,1,40,091020_40
9/10/2020,091020,12:57:00 PM,1840,091020_1840,38.508088,-123.256456,1,41,091020_41
9/10/2020,091020,12:58:49 PM,1841,091020_1841,38.509253,-123.256526,1,42,091020_42
9/10/2020,091020,1:03:33 PM,1842,091020_1842,38.509184,-123.257125,1,43,091020_43
9/10/2020,091020,1:11:23 PM,1843,091020_1843,38.509297,-123.258642,1,44,091020_44
9/10/2020,091020,1:15:27 PM,1844,091020_1844,38.508265,-123.258623,1,45,091020_45
9/10/2020,091020,1:18:35 PM,1845,091020_1845,38.508151,-123.25865,1,46,091020_46
9/10/2020,091020,1:21:17 PM,1846,091020_1846,38.50808,-123.25904,1,47,091020_47
9/10/2020,091020,1:26:15 PM,1847,091020_1847,38.508518,-123.258962,1,48,091020_48
9/10/2020,091020,1:28:52 PM,1848,091020_1848,38.50859,-123.259203,1,49,091020_49
9/10/2020,091020,1:56:41 PM,1849,091020_1849,38.43376,-123.191169,1,50,091020_50